Name of Covered Entity,State,Covered Entity Type,Individuals Affected,Type of Breach,Location of Breached Information,Business Associate Present
0,0.0,0.0,6.345217926509686e-06,0.0,0.0,0
1,1.0,0.0,6.345217926509686e-06,0.0,1.0,0
2,2.0,0.0,1.2690435853019372e-08,0.0,2.0,0
3,3.0,1.0,4.187843831496393e-05,1.0,3.0,0
4,4.0,0.0,5.921357369018839e-05,0.0,4.0,0
5,4.0,0.0,6.0368403352813154e-05,0.0,4.0,0
6,4.0,0.0,4.530485599527916e-06,0.0,4.0,0
7,4.0,0.0,7.163751039029435e-05,0.0,4.0,0
8,4.0,0.0,5.736077005564756e-06,0.0,4.0,0
9,4.0,0.0,6.85283536063046e-05,0.0,3.0,0
10,5.0,0.0,5.621863082887582e-06,0.0,3.0,0
11,6.0,2.0,7.487357153281429e-05,0.0,3.0,1
12,7.0,2.0,0.0010469609578740982,2.0,0.0,1
13,4.0,0.0,1.2182818418898597e-06,0.0,5.0,0
14,8.0,2.0,1.903565377952906e-05,0.0,6.0,1
15,9.0,0.0,1.8528036345408283e-06,0.0,7.0,0
16,9.0,0.0,0.00012055914060368403,0.0,8.0,0
17,4.0,0.0,1.3959479438321309e-06,2.0,9.0,0
18,10.0,2.0,1.7258992760106347e-05,0.0,10.0,1
19,3.0,2.0,3.680226397375618e-05,0.0,0.0,1
20,10.0,0.0,7.309691051339158e-06,0.0,5.0,0
21,11.0,2.0,0.0001840113198687809,0.0,0.0,1
22,4.0,0.0,0.0001903565377952906,0.0,2.0,0
23,12.0,2.0,2.6167678728925946e-05,0.0,5.0,1
24,9.0,0.0,0.00012055914060368403,0.0,5.0,0
25,0.0,0.0,4.187843831496393e-05,1.0,2.0,0
26,1.0,0.0,0.00011179004942924765,0.0,4.0,0
27,0.0,0.0,5.076174341207749e-06,0.0,3.0,0
28,13.0,0.0,3.959415986142044e-06,0.0,3.0,0
29,0.0,0.0,2.3984923762206613e-06,0.0,5.0,0
30,4.0,0.0,8.629496380053173e-05,0.0,3.0,0
31,13.0,0.0,1.0152348682415498e-05,0.0,11.0,0
32,14.0,2.0,6.599026643570073e-05,0.0,5.0,1
33,15.0,0.0,7.6142615118116235e-06,0.0,3.0,0
34,16.0,2.0,3.553322038845424e-07,2.0,0.0,1
35,17.0,2.0,1.332495764567034e-06,0.0,0.0,1
36,17.0,2.0,1.7855443245198257e-05,0.0,0.0,1
37,18.0,0.0,9.51782688976453e-05,0.0,4.0,0
38,6.0,1.0,4.3147481900265866e-05,0.0,0.0,0
39,4.0,0.0,4.060939472966199e-07,2.0,4.0,0
40,19.0,0.0,1.7766610194227122e-05,2.0,4.0,0
41,4.0,0.0,3.807130755905812e-05,0.0,1.0,0
42,20.0,0.0,0.0,0.0,0.0,0
43,18.0,0.0,0.00015330046510447402,0.0,3.0,0
44,21.0,1.0,0.00010816058477528411,,1.0,0
45,22.0,1.0,0.00011421392267717434,0.0,3.0,0
46,8.0,0.0,6.852835360630461e-07,0.0,0.0,0
47,20.0,0.0,1.5863044816274215e-06,0.0,3.0,0
48,0.0,0.0,0.00026015393498689715,0.0,2.0,0
49,18.0,0.0,4.187843831496393e-05,2.0,0.0,0
50,23.0,0.0,5.812219620682872e-05,0.0,3.0,0
51,18.0,0.0,2.664991529134068e-05,0.0,3.0,0
52,24.0,0.0,5.799529184829853e-06,3.0,1.0,0
53,25.0,0.0,2.4936706451183064e-05,0.0,3.0,0
54,25.0,2.0,3.401036808609192e-06,,9.0,1
55,15.0,0.0,2.8845360693913033e-05,0.0,8.0,0
56,5.0,0.0,9.51782688976453e-05,4.0,0.0,0
57,13.0,0.0,7.994974587402204e-05,1.0,0.0,0
58,9.0,0.0,0.0010589534197552016,2.0,5.0,0
59,0.0,0.0,5.774148313123814e-06,0.0,3.0,0
60,26.0,2.0,2.0304697364830995e-06,2.0,0.0,1
61,20.0,1.0,0.004366512477871052,0.0,5.0,0
62,22.0,0.0,1.2690435853019373e-06,2.0,5.0,0
63,24.0,0.0,0.0006810322400522846,0.0,3.0,0
64,10.0,0.0,3.926420852924194e-05,0.0,3.0,0
65,16.0,1.0,0.00014594001230972277,0.0,0.0,0
66,27.0,1.0,2.9822524254595526e-05,5.0,0.0,0
67,4.0,0.0,0.00027299665607015275,0.0,4.0,0
68,4.0,0.0,6.281765747244589e-05,0.0,3.0,0
69,28.0,0.0,5.898514584483404e-05,0.0,2.0,0
70,29.0,1.0,2.9822524254595526e-06,0.0,11.0,0
71,7.0,2.0,1.7436658862048616e-05,0.0,5.0,1
72,0.0,0.0,1.1802105343308016e-05,6.0,0.0,0
73,7.0,0.0,0.0,0.0,7.0,0
74,13.0,2.0,0.002279341873996662,0.0,2.0,1
75,18.0,0.0,8.629496380053172e-07,0.0,0.0,0
76,30.0,0.0,1.8908749420998865e-06,0.0,0.0,0
77,0.0,0.0,4.6954612656171676e-05,0.0,3.0,0
78,3.0,0.0,2.4314875094385117e-05,7.0,12.0,0
79,4.0,0.0,0.0005012722161942652,0.0,1.0,0
80,0.0,2.0,1.979707993071022e-06,0.0,3.0,1
81,27.0,0.0,1.941636685511964e-06,0.0,3.0,0
82,20.0,0.0,2.7005247495225225e-05,2.0,0.0,0
83,31.0,,3.8071307559058118e-06,0.0,3.0,1
84,8.0,1.0,5.989885722625144e-05,1.0,5.0,0
85,0.0,0.0,4.546983166136841e-05,5.0,0.0,0
86,13.0,0.0,6.345217926509686e-06,0.0,3.0,0
87,32.0,0.0,7.677713691076721e-06,0.0,3.0,0
88,28.0,0.0,2.639610657428029e-06,3.0,1.0,0
89,33.0,0.0,0.000767745988235966,0.0,3.0,0
90,18.0,1.0,0.015475986522757125,0.0,3.0,0
91,9.0,0.0,2.284278453543487e-05,0.0,3.0,0
92,5.0,2.0,0.0016496932087132533,0.0,5.0,1
93,29.0,1.0,0.0002003946725550289,2.0,0.0,0
94,6.0,0.0,1.5799592637009117e-05,1.0,3.0,0
95,10.0,2.0,0.00012709471506798902,0.0,3.0,1
96,20.0,1.0,6.5990266435700735e-06,0.0,13.0,0
97,33.0,0.0,6.357908362362706e-06,2.0,9.0,0
98,28.0,0.0,1.937829554756058e-05,0.0,3.0,0
99,0.0,0.0,1.2690435853019373e-06,0.0,1.0,0
100,26.0,2.0,0.00017132088401576153,1.0,5.0,1
101,34.0,0.0,8.91630023033141e-05,0.0,1.0,0
102,5.0,2.0,5.545720467769466e-06,2.0,9.0,1
103,15.0,0.0,6.843952055533347e-05,0.0,3.0,0
104,4.0,0.0,6.345217926509686e-06,2.0,0.0,0
105,6.0,0.0,1.3159981979581088e-05,0.0,14.0,0
106,4.0,2.0,0.0003616774218110521,8.0,2.0,1
107,20.0,0.0,2.6180369164778963e-05,0.0,8.0,0
108,20.0,0.0,3.8071307559058118e-06,0.0,2.0,0
109,19.0,0.0,4.225915139055451e-05,0.0,3.0,0
110,18.0,0.0,1.963210426462097e-05,2.0,0.0,0
111,30.0,2.0,0.0013321150514914435,0.0,4.0,1
112,7.0,0.0,2.144683659160274e-06,0.0,8.0,0
113,29.0,2.0,7.576190204252565e-06,2.0,0.0,1
114,5.0,2.0,0.010146003464488988,1.0,10.0,1
115,20.0,0.0,0.00029509070489025947,0.0,4.0,0
116,33.0,2.0,8.883305097113561e-06,5.0,0.0,1
117,0.0,0.0,0.00033629655010501333,3.0,1.0,0
118,3.0,1.0,5.076174341207749e-07,0.0,3.0,0
119,20.0,0.0,0.00020710791312127615,0.0,4.0,0
120,24.0,1.0,7.451823932892976e-05,,0.0,0
121,0.0,0.0,8.087614769129245e-05,0.0,4.0,0
122,0.0,0.0,1.4543239487560201e-05,0.0,3.0,0
123,,2.0,7.2716197437801005e-06,1.0,5.0,1
124,20.0,2.0,2.7043318802784283e-05,0.0,0.0,1
125,8.0,0.0,1.3832575079791115e-05,0.0,0.0,0
126,35.0,1.0,0.0003959415986142044,3.0,1.0,0
127,0.0,0.0,2.461944555485758e-06,0.0,3.0,0
128,33.0,0.0,1.0266562605092672e-05,2.0,3.0,0
129,5.0,1.0,7.614261511811623e-07,2.0,5.0,0
130,28.0,0.0,2.0165102570447782e-05,0.0,3.0,0
131,26.0,2.0,0.00013883336823203193,2.0,2.0,1
132,13.0,0.0,1.9923984289240414e-06,4.0,0.0,0
133,0.0,0.0,0.0003109156783989746,0.0,1.0,0
134,33.0,0.0,0.00016963305604730995,0.0,3.0,0
135,8.0,0.0,2.284278453543487e-05,3.0,4.0,0
136,1.0,0.0,1.7855443245198257e-05,5.0,0.0,0
137,5.0,0.0,0.00026015393498689715,0.0,3.0,0
138,12.0,2.0,6.345217926509685e-05,1.0,5.0,1
139,23.0,0.0,2.789357800493658e-05,0.0,4.0,0
140,4.0,0.0,0.00012182818418898598,0.0,4.0,0
141,6.0,0.0,1.536811781800646e-05,1.0,2.0,0
142,24.0,0.0,6.345217926509686e-06,0.0,3.0,0
143,36.0,0.0,4.857898844535816e-05,0.0,15.0,0
144,13.0,0.0,8.351575834872049e-05,0.0,3.0,0
145,10.0,2.0,0.0003077430694357198,0.0,0.0,1
146,19.0,0.0,6.345217926509686e-06,0.0,2.0,0
147,20.0,2.0,5.786838748976834e-06,0.0,2.0,1
148,20.0,2.0,3.9721064219950634e-05,0.0,8.0,1
149,20.0,0.0,8.883305097113561e-06,1.0,2.0,0
150,5.0,2.0,0.00028099163065755495,2.0,1.0,1
151,20.0,0.0,4.530485599527916e-06,1.0,8.0,0
152,29.0,0.0,1.573614045774402e-05,0.0,16.0,0
153,7.0,0.0,2.8413885874910375e-05,0.0,3.0,0
154,16.0,0.0,1.092646526944968e-05,0.0,0.0,0
155,34.0,0.0,8.88330509711356e-08,0.0,0.0,0
156,37.0,0.0,0.00023759034004022867,1.0,8.0,0
157,35.0,0.0,1.903565377952906e-05,0.0,7.0,0
158,4.0,0.0,0.00041243916522312957,0.0,0.0,0
159,32.0,0.0,8.883305097113561e-06,0.0,17.0,0
160,27.0,2.0,9.771635606824916e-06,2.0,0.0,1
161,20.0,0.0,0.00010786870475066466,0.0,4.0,0
162,2.0,2.0,1.903565377952906e-05,0.0,2.0,1
163,35.0,0.0,8.87061466126054e-06,0.0,3.0,0
164,4.0,2.0,1.2360484520840868e-05,0.0,2.0,1
165,4.0,2.0,1.2360484520840868e-05,0.0,2.0,1
166,20.0,0.0,7.994974587402204e-05,0.0,1.0,0
167,13.0,0.0,5.9264335433600465e-06,5.0,0.0,0
168,38.0,0.0,0.00023731115045146225,3.0,4.0,0
169,4.0,0.0,5.431506545092291e-06,0.0,4.0,0
170,10.0,2.0,0.00013324957645670341,5.0,0.0,1
171,0.0,0.0,5.329983058268136e-05,0.0,18.0,0
172,28.0,0.0,2.1573740950132933e-05,0.0,0.0,0
173,20.0,0.0,9.89853996535511e-07,0.0,3.0,0
174,11.0,1.0,2.4365636837797194e-06,2.0,5.0,0
175,0.0,0.0,1.0786870475066467e-06,0.0,3.0,0
176,14.0,2.0,1.0126967810709458e-05,2.0,14.0,1
177,23.0,0.0,0.00011412508962620321,3.0,1.0,0
178,39.0,0.0,6.345217926509686e-06,0.0,2.0,0
179,30.0,0.0,2.5380871706038743e-05,0.0,5.0,0
180,6.0,1.0,0.012978622960805588,0.0,5.0,0
181,4.0,0.0,2.7411341442521842e-06,1.0,0.0,0
182,,1.0,0.006021611812257692,9.0,1.0,1
183,24.0,1.0,2.341385414882074e-05,9.0,1.0,0
184,40.0,0.0,7.6650232552237e-06,0.0,4.0,0
185,17.0,2.0,0.0014530549051707182,9.0,2.0,1
186,24.0,0.0,0.00014594001230972277,0.0,3.0,0
187,31.0,0.0,1.332495764567034e-05,0.0,4.0,0
188,35.0,0.0,4.378200369291683e-06,9.0,0.0,0
189,20.0,0.0,4.44165254855678e-07,0.0,3.0,0
190,9.0,0.0,4.060939472966199e-05,0.0,3.0,0
191,1.0,0.0,1.1421392267717435e-05,0.0,3.0,0
192,18.0,0.0,1.2690435853019372e-05,0.0,0.0,0
193,,1.0,0.005044448251575201,0.0,1.0,0
194,20.0,2.0,1.57869022011561e-05,0.0,1.0,1
195,4.0,0.0,3.43910811616825e-06,9.0,0.0,0
196,38.0,0.0,1.840113198687809e-05,10.0,0.0,0
197,20.0,0.0,5.329983058268136e-07,0.0,4.0,0
198,5.0,0.0,1.434019251391189e-06,0.0,4.0,0
199,6.0,0.0,9.771635606824917e-05,5.0,0.0,0
200,9.0,2.0,0.00011389666178084887,9.0,0.0,1
201,0.0,0.0,3.8071307559058118e-06,0.0,4.0,0
202,11.0,0.0,6.345217926509686e-06,3.0,19.0,0
203,,0.0,6.345217926509686e-06,0.0,7.0,0
204,5.0,2.0,7.423904974016332e-06,9.0,1.0,1
205,13.0,0.0,7.106644077690848e-07,0.0,4.0,0
206,22.0,0.0,3.538093515821801e-05,0.0,3.0,0
207,33.0,0.0,6.345217926509686e-06,5.0,0.0,0
208,4.0,0.0,9.51782688976453e-06,0.0,2.0,0
209,35.0,2.0,3.2614420142259786e-06,0.0,3.0,1
210,35.0,2.0,1.0786870475066467e-06,9.0,5.0,1
211,5.0,0.0,3.0812378251131035e-05,0.0,9.0,0
212,29.0,0.0,3.374386893317851e-05,0.0,3.0,0
213,11.0,2.0,3.8071307559058118e-06,0.0,0.0,1
214,28.0,0.0,0.00030583950405776685,4.0,2.0,0
215,5.0,1.0,3.908654242729966e-06,1.0,2.0,0
216,25.0,0.0,1.903565377952906e-05,0.0,2.0,0
217,18.0,0.0,0.001973362775144512,0.0,1.0,0
218,33.0,0.0,1.2690435853019372e-08,0.0,7.0,0
219,41.0,0.0,0.002930221638462173,3.0,1.0,0
220,18.0,0.0,2.1573740950132933e-05,0.0,3.0,0
221,35.0,0.0,1.7106707529870113e-05,3.0,20.0,0
222,7.0,0.0,0.00014571158446436842,0.0,3.0,0
223,23.0,3.0,9.51782688976453e-06,0.0,4.0,0
224,27.0,1.0,6.467046110698672e-05,0.0,4.0,0
225,9.0,0.0,1.979707993071022e-06,0.0,7.0,0
226,0.0,2.0,0.00019923984289240413,1.0,2.0,1
227,1.0,2.0,5.45688741679833e-05,0.0,5.0,1
228,23.0,0.0,0.00014605422623239995,0.0,2.0,0
229,0.0,0.0,5.058407731013522e-05,0.0,3.0,0
230,0.0,0.0,9.823666393822296e-05,0.0,2.0,0
231,6.0,0.0,0.0,0.0,4.0,0
232,28.0,2.0,0.00023313599705581889,3.0,1.0,1
233,30.0,0.0,5.837600492388911e-07,0.0,0.0,0
234,42.0,0.0,0.0004632009086352071,0.0,3.0,0
235,23.0,0.0,3.2995133217850364e-05,0.0,0.0,0
236,1.0,0.0,3.8071307559058118e-06,3.0,4.0,0
237,43.0,2.0,0.021567395732206424,0.0,21.0,1
238,4.0,0.0,2.22082627427839e-05,9.0,5.0,0
239,0.0,0.0,0.00011956928660714852,4.0,2.0,0
240,18.0,2.0,2.7918958876642617e-05,0.0,2.0,1
241,44.0,2.0,4.003832511627612e-05,9.0,1.0,1
242,15.0,0.0,2.2728570612757694e-05,1.0,2.0,0
243,,0.0,2.6916414444254087e-05,1.0,4.0,0
244,9.0,0.0,2.889612243732511e-05,1.0,2.0,0
245,15.0,2.0,5.076174341207749e-05,9.0,0.0,1
246,18.0,1.0,8.713253256683101e-05,11.0,5.0,0
247,10.0,0.0,5.609172647034562e-06,9.0,4.0,0
248,28.0,0.0,0.00010590168719344665,0.0,3.0,0
249,38.0,0.0,1.2690435853019373e-06,0.0,22.0,0
250,11.0,2.0,3.3629655010501337e-06,9.0,0.0,1
251,0.0,0.0,1.954327121364983e-06,11.0,16.0,0
252,25.0,0.0,0.0002569051834085242,0.0,23.0,0
253,20.0,0.0,2.1573740950132934e-06,0.0,4.0,0
254,4.0,0.0,0.006520726654356944,0.0,4.0,0
255,44.0,0.0,1.2309722777428791e-05,9.0,0.0,0
256,4.0,0.0,2.1193027874542352e-06,0.0,3.0,0
257,2.0,2.0,1.5228523023623247e-05,0.0,3.0,1
258,15.0,0.0,1.7132088401576153e-06,0.0,2.0,0
259,15.0,0.0,0.00012055914060368403,0.0,2.0,0
260,24.0,2.0,0.0011802105343308015,0.0,5.0,1
261,38.0,0.0,0.0010596513937271175,0.0,1.0,0
262,1.0,1.0,5.520339596063427e-06,9.0,5.0,0
263,38.0,0.0,0.0016807213243738856,0.0,17.0,0
264,27.0,0.0,2.8134696286143948e-05,5.0,0.0,0
265,29.0,0.0,9.07366163490885e-06,1.0,0.0,0
266,20.0,2.0,0.024105482902810296,11.0,5.0,1
267,15.0,0.0,8.375687662992786e-07,0.0,0.0,0
268,13.0,2.0,2.2208262742783903e-06,9.0,5.0,1
269,21.0,0.0,0.0001840113198687809,0.0,4.0,0
270,8.0,0.0,6.979739719160655e-05,3.0,1.0,0
271,13.0,0.0,7.233548436221042e-06,3.0,13.0,0
272,13.0,0.0,4.378200369291683e-06,3.0,13.0,0
273,13.0,0.0,2.360421068661603e-06,3.0,13.0,0
274,15.0,1.0,0.00011285604604090128,3.0,13.0,0
275,13.0,0.0,4.060939472966199e-07,3.0,13.0,0
276,33.0,0.0,0.0,5.0,5.0,0
277,41.0,0.0,6.928977975748577e-05,0.0,3.0,0
278,0.0,0.0,1.2690435853019372e-05,0.0,3.0,0
279,35.0,0.0,0.0002728570612757695,0.0,3.0,0
280,10.0,0.0,7.994974587402204e-07,0.0,3.0,0
281,17.0,1.0,0.0003028064898888952,0.0,4.0,0
282,1.0,1.0,4.441652548556781e-06,9.0,5.0,0
283,5.0,0.0,1.1269107037481202e-05,0.0,0.0,0
284,,0.0,0.0004046979993527878,0.0,4.0,0
285,18.0,0.0,9.51782688976453e-05,0.0,11.0,0
286,15.0,0.0,1.954327121364983e-06,12.0,0.0,0
287,4.0,0.0,1.5228523023623245e-06,0.0,3.0,0
288,20.0,2.0,6.345217926509686e-07,0.0,0.0,1
289,0.0,0.0,6.738621437953286e-06,5.0,5.0,0
290,25.0,2.0,0.00016385890773418612,9.0,0.0,1
291,9.0,2.0,0.0001381607751318219,13.0,1.0,1
292,17.0,0.0,6.987353980672466e-05,0.0,0.0,0
293,27.0,0.0,0.005069829123281239,0.0,4.0,0
294,28.0,0.0,1.8857987677586787e-05,4.0,2.0,0
295,23.0,1.0,2.7918958876642617e-05,11.0,0.0,0
296,36.0,2.0,0.00020939219157481962,0.0,2.0,1
297,8.0,0.0,9.682802555853781e-06,11.0,9.0,0
298,15.0,0.0,1.903565377952906e-05,6.0,0.0,0
299,27.0,0.0,9.89853996535511e-06,0.0,2.0,0
300,4.0,2.0,8.781781610289406e-06,1.0,0.0,1
301,4.0,0.0,0.000192602744941275,0.0,4.0,0
302,44.0,0.0,5.710696133858717e-06,9.0,0.0,0
303,23.0,0.0,7.677713691076721e-06,0.0,2.0,0
304,18.0,1.0,3.76017614324964e-05,9.0,5.0,0
305,6.0,0.0,2.6015393498689714e-06,0.0,3.0,0
306,6.0,0.0,3.934035114436005e-06,0.0,3.0,0
307,1.0,0.0,1.0000063452179265e-05,11.0,0.0,0
308,33.0,2.0,0.0009840417769148282,0.0,3.0,1
309,45.0,0.0,1.903565377952906e-05,0.0,24.0,0
310,4.0,1.0,2.461944555485758e-06,9.0,0.0,0
311,30.0,2.0,3.920075634997684e-05,0.0,5.0,1
312,4.0,0.0,0.0001229703234157577,0.0,19.0,0
313,18.0,0.0,1.3477242875906573e-05,9.0,21.0,0
314,25.0,0.0,4.822365624147361e-06,9.0,0.0,0
315,20.0,0.0,2.6903724008401067e-06,0.0,3.0,0
316,9.0,,5.710696133858717e-05,3.0,1.0,1
317,17.0,0.0,2.9188002461944557e-05,0.0,4.0,0
318,26.0,0.0,8.88330509711356e-05,0.0,0.0,0
319,30.0,0.0,,9.0,16.0,0
320,10.0,0.0,1.9302152932442466e-05,3.0,1.0,0
321,13.0,2.0,0.000315103522230471,9.0,1.0,1
322,6.0,,1.114220267895101e-05,9.0,0.0,1
323,0.0,2.0,5.16881452293479e-05,9.0,0.0,1
324,7.0,0.0,2.5380871706038745e-06,5.0,0.0,0
325,0.0,0.0,1.738589711863654e-05,0.0,3.0,0
326,13.0,1.0,1.2690435853019372e-08,0.0,0.0,0
327,28.0,0.0,3.939111288777213e-05,0.0,3.0,0
328,36.0,0.0,8.883305097113561e-06,0.0,4.0,0
329,4.0,0.0,1.2690435853019372e-05,9.0,0.0,0
330,10.0,0.0,1.7512801477166733e-06,0.0,8.0,0
331,35.0,,7.614261511811623e-08,3.0,1.0,1
332,43.0,2.0,0.00010526716540079569,0.0,2.0,1
333,23.0,1.0,4.378200369291683e-05,9.0,0.0,0
334,26.0,0.0,0.000798545676051244,0.0,2.0,0
335,17.0,2.0,6.78684509419476e-05,0.0,5.0,1
336,30.0,,,,,0
337,0.0,2.0,0.00012493734097297572,0.0,3.0,1
338,13.0,0.0,3.9974872937011025e-06,9.0,3.0,0
339,43.0,2.0,0.0003998502528569344,0.0,2.0,1
340,28.0,0.0,1.1827486215014055e-05,0.0,25.0,0
341,43.0,2.0,3.172608963254843e-05,12.0,26.0,1
342,13.0,0.0,1.903565377952906e-05,0.0,19.0,0
343,4.0,2.0,0.000243034537021174,9.0,5.0,1
344,39.0,0.0,3.3198180191498674e-05,3.0,1.0,0
345,4.0,0.0,1.6497566608925182e-05,0.0,0.0,0
346,35.0,0.0,1.97843894948572e-05,0.0,2.0,0
347,0.0,1.0,1.517776128021117e-05,0.0,3.0,0
348,22.0,2.0,3.172608963254843e-05,3.0,4.0,1
349,17.0,0.0,1.903565377952906e-05,0.0,0.0,0
350,0.0,0.0,2.590117957601254e-05,0.0,0.0,0
351,26.0,0.0,4.606628214646032e-06,0.0,3.0,0
352,0.0,0.0,1.0152348682415498e-05,13.0,1.0,0
353,40.0,0.0,1.6459495301366127e-05,0.0,0.0,0
354,23.0,0.0,2.369304373758717e-05,0.0,7.0,0
355,7.0,2.0,4.44165254855678e-05,1.0,2.0,1
356,5.0,2.0,8.88330509711356e-08,12.0,17.0,1
357,13.0,0.0,2.284278453543487e-07,1.0,0.0,0
358,0.0,0.0,9.632040812441704e-06,0.0,3.0,0
359,20.0,0.0,2.664991529134068e-05,0.0,0.0,0
360,29.0,0.0,0.0001792270255521926,0.0,3.0,0
361,29.0,0.0,0.00011417585136961529,0.0,3.0,0
362,6.0,0.0,2.931490682047475e-06,0.0,0.0,0
363,5.0,2.0,1.0025444323885304e-06,12.0,0.0,1
364,,1.0,2.1687954872810105e-05,0.0,27.0,0
365,9.0,0.0,2.5380871706038744e-07,0.0,4.0,0
366,24.0,2.0,1.435288294976491e-05,1.0,2.0,1
367,35.0,0.0,3.510174556945158e-05,0.0,3.0,0
368,4.0,2.0,2.5380871706038745e-06,12.0,0.0,1
369,10.0,0.0,2.1573740950132933e-05,0.0,2.0,0
370,18.0,0.0,0.013388270230141055,1.0,5.0,0
371,29.0,0.0,2.664991529134068e-05,0.0,28.0,0
372,24.0,2.0,4.4340382870449685e-05,0.0,5.0,1
373,10.0,0.0,1.2563531494489179e-06,0.0,3.0,0
374,18.0,0.0,0.00015588931401848996,9.0,16.0,0
375,5.0,0.0,3.3629655010501336e-05,0.0,5.0,0
376,5.0,0.0,0.0,0.0,5.0,0
377,31.0,,,,,0
378,10.0,0.0,0.00018083871090552605,0.0,4.0,0
379,39.0,0.0,1.2335103649134829e-05,1.0,5.0,0
380,1.0,2.0,8.323656875995406e-05,0.0,5.0,1
381,0.0,2.0,7.832537008483556e-05,4.0,4.0,1
382,35.0,0.0,3.2614420142259786e-06,0.0,1.0,0
383,18.0,0.0,2.1573740950132933e-05,0.0,0.0,0
384,20.0,0.0,5.418816109239272e-06,0.0,3.0,0
385,24.0,2.0,7.47466671742841e-06,0.0,4.0,1
386,9.0,2.0,7.6142615118116235e-06,0.0,0.0,1
387,8.0,0.0,6.47212228503988e-07,11.0,0.0,0
388,18.0,0.0,3.0457046047246494e-05,0.0,1.0,0
389,0.0,0.0,8.50259202152298e-07,0.0,2.0,0
390,5.0,0.0,0.0006916287539895558,5.0,1.0,0
391,11.0,0.0,5.710696133858717e-05,0.0,11.0,0
392,4.0,,2.86930754636768e-05,0.0,2.0,0
393,7.0,2.0,0.062176790461868414,1.0,5.0,1
394,44.0,0.0,0.0001530847276949727,4.0,3.0,0
395,19.0,1.0,1.3159981979581088e-05,0.0,0.0,0
396,32.0,2.0,9.866813875722561e-05,0.0,5.0,1
397,25.0,0.0,0.011966243440630969,0.0,4.0,0
398,46.0,0.0,1.9035653779529059e-06,0.0,3.0,0
399,0.0,0.0,2.4924016015330047e-05,9.0,29.0,0
400,2.0,,,,,0
401,28.0,0.0,4.7969847524413225e-06,1.0,8.0,0
402,6.0,1.0,1.6116853533334603e-05,9.0,0.0,0
403,18.0,0.0,3.451798552021269e-06,1.0,5.0,0
404,35.0,0.0,0.0001295058978800627,0.0,5.0,0
405,4.0,,,,,0
406,5.0,0.0,3.0457046047246494e-05,2.0,0.0,0
407,20.0,2.0,8.53558715474083e-05,9.0,1.0,1
408,13.0,2.0,1.903565377952906e-05,5.0,0.0,1
409,31.0,0.0,1.4086383796851503e-06,0.0,0.0,0
410,26.0,0.0,0.00020939219157481962,0.0,3.0,0
411,23.0,0.0,5.321099753171023e-05,0.0,5.0,0
412,4.0,1.0,0.00013427750176079798,2.0,0.0,0
413,6.0,0.0,2.1383384412337643e-05,0.0,30.0,0
414,23.0,1.0,8.986097627523017e-05,0.0,3.0,0
415,0.0,0.0,4.6954612656171674e-06,0.0,3.0,0
416,10.0,0.0,3.15738044023122e-05,0.0,3.0,0
417,18.0,0.0,1.4847809948032665e-05,0.0,19.0,0
418,8.0,2.0,0.0006281765747244589,14.0,20.0,1
419,5.0,0.0,1.0152348682415498e-05,0.0,3.0,0
420,42.0,2.0,2.7918958876642617e-05,9.0,5.0,1
421,4.0,2.0,1.5228523023623247e-05,2.0,0.0,1
422,41.0,0.0,3.43910811616825e-06,0.0,0.0,0
423,41.0,,,,,0
424,32.0,0.0,9.209449298536159e-05,0.0,3.0,0
425,4.0,1.0,0.00014144759801775392,2.0,0.0,0
426,38.0,1.0,4.365509933438664e-06,1.0,5.0,0
427,7.0,2.0,1.1979771445250288e-05,14.0,0.0,1
428,20.0,0.0,6.218313567979492e-07,0.0,3.0,0
429,35.0,0.0,1.1713272292336881e-05,12.0,0.0,0
430,23.0,0.0,3.2995133217850364e-05,0.0,4.0,0
431,30.0,0.0,3.42641768031523e-05,15.0,9.0,0
432,18.0,0.0,9.124423378320928e-06,0.0,8.0,0
433,29.0,1.0,7.840151269995368e-05,2.0,0.0,0
434,8.0,0.0,1.903565377952906e-05,0.0,3.0,0
435,13.0,2.0,0.00017132088401576153,0.0,3.0,1
436,4.0,0.0,1.0989917448714777e-05,2.0,0.0,0
437,43.0,2.0,1.5228523023623247e-05,2.0,5.0,1
438,43.0,0.0,9.987373016326246e-06,0.0,0.0,0
439,22.0,0.0,2.5127062988978357e-06,0.0,3.0,0
440,35.0,0.0,2.0304697364830995e-06,3.0,5.0,0
441,4.0,0.0,,9.0,1.0,0
442,3.0,0.0,1.3312267209817321e-05,9.0,0.0,0
443,4.0,1.0,2.5761584781629327e-06,0.0,5.0,0
444,45.0,0.0,2.015241213459476e-05,1.0,8.0,0
445,36.0,2.0,2.284278453543487e-05,12.0,3.0,1
446,5.0,0.0,2.893419374488417e-06,0.0,3.0,0
447,19.0,2.0,8.248783304462591e-05,0.0,3.0,1
448,11.0,2.0,1.6751375325985572e-06,9.0,5.0,1
449,17.0,2.0,9.144728075685759e-05,0.0,3.0,1
450,11.0,0.0,0.00012665054981313332,0.0,1.0,0
451,0.0,2.0,2.6129607421366887e-05,0.0,5.0,1
452,2.0,0.0,2.846464761832245e-05,9.0,4.0,0
453,28.0,0.0,8.654877251759211e-06,2.0,0.0,0
454,35.0,0.0,0.00024746349913387774,0.0,3.0,0
455,17.0,2.0,0.00012055914060368403,0.0,30.0,1
456,17.0,2.0,5.26018566107653e-05,0.0,3.0,1
457,17.0,2.0,0.00033754021281860925,0.0,3.0,1
458,4.0,0.0,1.1814795779161034e-05,0.0,0.0,0
459,20.0,0.0,9.771635606824916e-07,0.0,3.0,0
460,17.0,2.0,9.42011053369628e-05,0.0,3.0,1
461,4.0,1.0,4.758913444882265e-06,0.0,0.0,0
462,17.0,2.0,9.017823717155566e-05,0.0,30.0,1
463,26.0,0.0,1.6497566608925182e-07,0.0,3.0,0
464,0.0,0.0,1.8680321575644515e-05,0.0,8.0,0
465,13.0,0.0,3.172608963254843e-06,9.0,1.0,0
466,13.0,2.0,3.784287971370377e-05,2.0,0.0,1
467,8.0,0.0,1.1040679192126854e-05,9.0,5.0,0
468,4.0,0.0,2.6903724008401067e-06,0.0,0.0,0
469,20.0,1.0,1.8020418911287508e-06,9.0,9.0,0
470,0.0,0.0,2.5380871706038744e-08,0.0,0.0,0
471,9.0,1.0,9.251327736851123e-06,9.0,9.0,0
472,10.0,0.0,8.034314938546564e-05,1.0,0.0,0
473,15.0,0.0,0.0001150388010076206,1.0,8.0,0
474,4.0,0.0,6.345217926509686e-06,9.0,9.0,0
475,20.0,,,,,0
476,9.0,2.0,6.979739719160654e-07,9.0,0.0,1
477,4.0,2.0,1.903565377952906e-05,0.0,5.0,1
478,14.0,2.0,0.0098921947474286,3.0,1.0,1
479,35.0,0.0,6.345217926509686e-06,5.0,0.0,0
480,20.0,0.0,7.925177190210597e-05,0.0,19.0,0
481,18.0,1.0,0.00011417585136961529,2.0,5.0,0
482,23.0,0.0,2.0304697364830996e-05,0.0,31.0,0
483,0.0,0.0,6.345217926509686e-06,5.0,0.0,0
484,26.0,0.0,0.003991142075774593,16.0,5.0,0
485,4.0,0.0,4.949269982677555e-05,0.0,4.0,0
486,39.0,0.0,8.402337578284126e-05,9.0,5.0,0
487,18.0,0.0,3.172608963254843e-06,0.0,0.0,0
488,27.0,1.0,0.0028925944961579707,9.0,9.0,0
489,36.0,0.0,6.345217926509686e-07,0.0,0.0,0
490,4.0,0.0,5.85029092824193e-06,0.0,1.0,0
491,5.0,,,,,0
492,15.0,0.0,0.000526653087900304,13.0,1.0,0
493,0.0,0.0,3.172608963254843e-06,0.0,0.0,0
494,9.0,0.0,3.172608963254843e-05,3.0,1.0,0
495,23.0,0.0,1.3921408130762252e-05,0.0,1.0,0
496,25.0,0.0,1.4657453410237375e-05,5.0,0.0,0
497,0.0,0.0,8.248783304462591e-05,13.0,1.0,0
498,44.0,0.0,3.052049822651159e-05,0.0,0.0,0
499,37.0,1.0,3.172608963254843e-05,5.0,0.0,0
500,1.0,1.0,8.045736330814283e-06,9.0,9.0,0
501,29.0,0.0,4.44165254855678e-05,0.0,3.0,0
502,4.0,0.0,4.3147481900265866e-05,1.0,8.0,0
503,45.0,0.0,0.00020939219157481962,4.0,3.0,0
504,29.0,1.0,0.00023604210686616032,9.0,5.0,0
505,4.0,0.0,1.7766610194227122e-05,0.0,5.0,0
506,8.0,0.0,1.1548296626247628e-06,9.0,5.0,0
507,18.0,0.0,8.08380763837334e-06,4.0,3.0,0
508,31.0,1.0,3.172608963254843e-05,0.0,3.0,0
509,10.0,0.0,2.1053433080159137e-05,0.0,3.0,0
510,33.0,2.0,0.0001840113198687809,9.0,5.0,1
511,4.0,0.0,3.109156783989746e-06,0.0,0.0,0
512,26.0,0.0,0.00015783095070400193,0.0,29.0,0
513,24.0,0.0,5.393435237533233e-06,0.0,4.0,0
514,0.0,0.0,6.599026643570073e-05,1.0,3.0,0
515,0.0,0.0,0.0,0.0,5.0,0
516,23.0,0.0,3.2487515783729592e-06,0.0,32.0,0
517,6.0,1.0,7.639642383517662e-06,1.0,0.0,0
518,26.0,0.0,4.1117012163782766e-06,1.0,8.0,0
519,11.0,2.0,1.1979771445250288e-05,0.0,3.0,1
520,18.0,0.0,2.610422654966085e-05,0.0,8.0,0
521,36.0,0.0,0.00013497547573271403,0.0,4.0,0
522,20.0,0.0,8.629496380053172e-07,0.0,33.0,0
523,18.0,0.0,1.1535606190394609e-05,0.0,0.0,0
524,28.0,0.0,5.0634839053547294e-05,0.0,3.0,0
525,28.0,0.0,4.1117012163782766e-06,0.0,3.0,0
526,42.0,0.0,2.639610657428029e-06,0.0,30.0,0
527,8.0,0.0,0.00011996269011859213,9.0,4.0,0
528,0.0,0.0,1.0786870475066467e-06,0.0,3.0,0
529,0.0,0.0,2.489863514362401e-05,9.0,16.0,0
530,13.0,0.0,1.2690435853019372e-05,0.0,0.0,0
531,29.0,2.0,2.5799656089188384e-05,17.0,8.0,1
532,37.0,0.0,1.0126967810709458e-05,0.0,0.0,0
533,4.0,,,,,0
534,36.0,0.0,4.890893977753666e-05,18.0,1.0,0
535,8.0,0.0,3.067278345674782e-05,1.0,8.0,0
536,10.0,0.0,4.3147481900265866e-05,0.0,3.0,0
537,20.0,0.0,0.00010137120159391874,0.0,4.0,0
538,13.0,0.0,8.333809224677822e-05,2.0,1.0,0
539,35.0,0.0,1.274119759643145e-05,0.0,5.0,0
540,15.0,0.0,5.45688741679833e-05,0.0,1.0,0
541,13.0,0.0,4.709420745055489e-05,0.0,30.0,0
542,13.0,0.0,9.390922531234335e-06,0.0,0.0,0
543,24.0,2.0,8.833812397286785e-05,0.0,3.0,1
544,24.0,,,,,0
545,36.0,0.0,2.5634680423099133e-06,0.0,5.0,0
546,4.0,0.0,2.284278453543487e-05,0.0,4.0,0
547,0.0,0.0,3.0139785150921008e-05,0.0,29.0,0
548,5.0,2.0,0.0008388505003204336,0.0,3.0,1
549,4.0,0.0,1.3071148928609954e-06,0.0,4.0,0
550,18.0,0.0,8.566044200788075e-06,0.0,8.0,0
551,4.0,0.0,,0.0,3.0,0
552,18.0,0.0,0.001334348568201575,0.0,16.0,0
553,5.0,0.0,3.404843939365098e-05,0.0,3.0,0
554,0.0,0.0,2.2385928844726173e-05,1.0,8.0,0
555,13.0,1.0,3.2233707066669205e-06,14.0,0.0,0
556,18.0,0.0,0.0,0.0,3.0,0
557,35.0,0.0,0.0006916287539895558,0.0,8.0,0
558,26.0,0.0,4.44165254855678e-05,0.0,3.0,0
559,34.0,0.0,3.8071307559058118e-06,13.0,1.0,0
560,23.0,0.0,5.609172647034562e-06,0.0,3.0,0
561,18.0,0.0,0.0008165787853983846,14.0,0.0,0
562,19.0,0.0,2.3667662865881128e-05,3.0,1.0,0
563,7.0,0.0,5.549527598525372e-05,0.0,8.0,0
564,34.0,2.0,6.615524210178998e-05,1.0,8.0,1
565,24.0,0.0,6.760195178903419e-05,0.0,30.0,0
566,20.0,0.0,0.00015863044816274215,0.0,3.0,0
567,1.0,,,,,0
568,4.0,0.0,3.211949314399203e-05,0.0,4.0,0
569,28.0,0.0,2.5380871706038743e-05,9.0,9.0,0
570,26.0,2.0,0.00015956954041586557,5.0,0.0,1
571,4.0,0.0,0.0008274164176168631,0.0,3.0,0
572,28.0,0.0,2.380725766026434e-05,0.0,8.0,0
573,18.0,0.0,0.00015863044816274215,19.0,1.0,0
574,6.0,0.0,0.00034643620835157583,0.0,3.0,0
575,4.0,0.0,0.0014721667015653653,0.0,3.0,0
576,26.0,0.0,3.7309881407876954e-05,0.0,5.0,0
577,4.0,0.0,6.091409209449298e-06,0.0,4.0,0
578,4.0,1.0,0.000222082627427839,2.0,0.0,0
579,43.0,0.0,1.7512801477166733e-06,0.0,0.0,0
580,35.0,0.0,3.0457046047246494e-05,3.0,1.0,0
581,13.0,1.0,,0.0,0.0,0
582,13.0,0.0,1.2690435853019372e-05,0.0,0.0,0
583,16.0,0.0,5.774148313123814e-06,0.0,0.0,0
584,33.0,0.0,0.0,5.0,0.0,0
585,47.0,0.0,,9.0,4.0,0
586,20.0,2.0,6.560955336011015e-06,0.0,1.0,1
587,13.0,2.0,1.0152348682415498e-07,0.0,0.0,1
588,9.0,0.0,2.889612243732511e-05,1.0,2.0,0
589,33.0,1.0,,0.0,3.0,0
590,35.0,,,,,0
591,18.0,0.0,2.6142297857219905e-05,0.0,16.0,0
592,45.0,0.0,0.00012399824871985228,12.0,16.0,0
593,16.0,0.0,0.0001713716457591736,1.0,8.0,0
594,30.0,0.0,7.312229138509762e-05,1.0,0.0,0
595,13.0,0.0,4.3109410592706804e-05,1.0,8.0,0
596,0.0,0.0,6.659940735664567e-05,1.0,8.0,0
597,4.0,1.0,0.000222082627427839,2.0,5.0,0
598,47.0,0.0,2.208135838425371e-06,3.0,4.0,0
599,19.0,0.0,,0.0,3.0,0
600,24.0,0.0,0.0001778056967366544,0.0,8.0,0
601,19.0,0.0,5.076174341207749e-07,0.0,3.0,0
602,0.0,2.0,1.2690435853019372e-08,20.0,34.0,1
603,10.0,0.0,1.4594001230972278e-06,0.0,4.0,0
604,35.0,2.0,2.6332654395015198e-05,2.0,5.0,1
605,26.0,0.0,1.0228491297533613e-05,0.0,0.0,0
606,24.0,0.0,1.5850354380421196e-05,0.0,4.0,0
607,18.0,3.0,0.00012055914060368403,0.0,4.0,0
608,33.0,0.0,1.434019251391189e-06,0.0,3.0,0
609,13.0,2.0,0.0,9.0,1.0,1
610,8.0,0.0,7.6142615118116235e-06,5.0,0.0,0
611,4.0,0.0,1.1040679192126854e-05,9.0,0.0,0
612,4.0,,,,,0
613,4.0,2.0,1.2690435853019372e-05,12.0,4.0,1
614,16.0,0.0,2.322349761102545e-06,0.0,3.0,0
615,7.0,0.0,1.7081326658164075e-05,1.0,8.0,0
616,8.0,0.0,6.47212228503988e-05,3.0,9.0,0
617,18.0,0.0,5.592675080425637e-05,0.0,0.0,0
618,0.0,0.0,7.742434913927119e-05,9.0,35.0,0
619,15.0,,,,,0
620,4.0,,,,,0
621,34.0,,,,,0
622,20.0,0.0,5.62059403930228e-05,0.0,4.0,0
623,39.0,1.0,2.9987499920684777e-05,2.0,0.0,0
624,33.0,0.0,4.441652548556781e-06,0.0,18.0,0
625,20.0,,0.00035136009746254736,9.0,5.0,1
626,15.0,0.0,0.00044401296962544176,0.0,0.0,0
627,4.0,1.0,2.7195604033020514e-05,9.0,5.0,0
628,9.0,0.0,4.568556907086974e-05,2.0,3.0,0
629,35.0,0.0,0.000360319545174779,0.0,3.0,0
630,43.0,0.0,0.00034644889878742883,21.0,1.0,0
631,28.0,2.0,7.48735715328143e-06,0.0,3.0,1
632,10.0,2.0,4.876934498315345e-05,3.0,1.0,1
633,4.0,2.0,0.000714725347242051,0.0,3.0,1
634,0.0,0.0,3.15738044023122e-05,3.0,4.0,0
635,20.0,1.0,1.612954396918762e-05,0.0,0.0,0
636,4.0,0.0,4.060939472966199e-07,0.0,4.0,0
637,10.0,2.0,4.600282996719522e-05,3.0,1.0,1
638,34.0,0.0,1.2474698443518043e-05,5.0,0.0,0
639,33.0,2.0,1.7132088401576153e-06,9.0,0.0,1
640,15.0,1.0,4.4670334202628185e-06,9.0,0.0,0
641,10.0,2.0,8.566044200788077e-05,3.0,1.0,1
642,45.0,0.0,1.1421392267717435e-05,0.0,3.0,0
643,10.0,2.0,4.568556907086974e-05,3.0,1.0,1
644,20.0,0.0,0.00023703196086269582,0.0,3.0,0
645,1.0,0.0,7.677713691076721e-06,0.0,3.0,0
646,4.0,,,,,0
647,11.0,0.0,3.464488987874289e-05,0.0,3.0,0
648,5.0,0.0,8.680258123465251e-06,1.0,5.0,0
649,0.0,0.0,2.258897581837448e-06,9.0,16.0,0
650,20.0,2.0,2.8553480669293587e-06,0.0,0.0,1
651,4.0,0.0,,0.0,3.0,0
652,0.0,0.0,0.0003619439209639655,0.0,3.0,0
653,22.0,0.0,2.4111828120736806e-05,0.0,0.0,0
654,13.0,2.0,0.00010673925595974593,0.0,4.0,1
655,45.0,2.0,0.0002092399063445834,5.0,0.0,1
656,25.0,0.0,2.4111828120736806e-05,0.0,4.0,0
657,26.0,2.0,7.652332819370681e-06,0.0,3.0,1
658,8.0,2.0,6.345217926509686e-06,0.0,4.0,1
659,18.0,0.0,8.883305097113561e-06,0.0,3.0,0
660,26.0,0.0,0.0,1.0,3.0,0
661,11.0,0.0,6.75384996097691e-05,0.0,3.0,0
662,4.0,2.0,1.1015298320420815e-05,7.0,0.0,1
663,22.0,0.0,0.000546310573036631,9.0,5.0,0
664,18.0,0.0,8.375687662992786e-07,2.0,0.0,0
665,10.0,0.0,2.7411341442521842e-06,0.0,8.0,0
666,1.0,0.0,4.4759167253599326e-05,0.0,3.0,0
667,26.0,0.0,1.673868489013255e-05,0.0,3.0,0
668,19.0,0.0,3.5279411671393853e-06,0.0,3.0,0
669,26.0,0.0,0.000222082627427839,9.0,1.0,0
670,18.0,,4.019061034651235e-05,9.0,0.0,1
671,11.0,,,,,0
672,48.0,0.0,0.00010152348682415497,0.0,4.0,0
673,15.0,0.0,1.2690435853019372e-08,0.0,3.0,0
674,4.0,0.0,0.0013769122900526018,0.0,4.0,0
675,4.0,1.0,2.360421068661603e-06,0.0,0.0,0
676,26.0,0.0,3.172608963254843e-05,0.0,3.0,0
677,33.0,2.0,2.2347857537167115e-05,0.0,0.0,1
678,20.0,2.0,0.00035136009746254736,0.0,8.0,1
679,13.0,2.0,0.0,9.0,5.0,1
680,18.0,0.0,4.2386055749084704e-06,9.0,16.0,0
681,5.0,0.0,3.4264176803152303e-07,0.0,0.0,0
682,49.0,0.0,1.802041891128751e-05,2.0,9.0,0
683,4.0,2.0,0.00022413847803602814,0.0,3.0,1
684,10.0,2.0,7.401062189480898e-05,1.0,8.0,1
685,33.0,0.0,8.883305097113561e-06,0.0,4.0,0
686,24.0,0.0,1.1192964422363087e-05,9.0,1.0,0
687,18.0,0.0,0.00014973445262977557,0.0,3.0,0
688,29.0,2.0,7.487357153281429e-05,3.0,1.0,1
689,35.0,2.0,1.494933343485682e-05,12.0,1.0,1
690,18.0,0.0,1.6243757891864796e-06,0.0,14.0,0
691,36.0,0.0,3.513981687701064e-05,0.0,31.0,0
692,0.0,,,,,0
693,10.0,0.0,0.00010440421576279038,3.0,1.0,0
694,40.0,0.0,0.0,1.0,3.0,0
695,14.0,0.0,2.664991529134068e-05,22.0,0.0,0
696,0.0,0.0,2.5000158630448163e-06,9.0,0.0,0
697,36.0,0.0,,0.0,3.0,0
698,16.0,0.0,2.0076269519476648e-05,16.0,0.0,0
699,23.0,2.0,1.637066225039499e-06,0.0,3.0,1
700,4.0,2.0,2.4111828120736806e-05,9.0,0.0,1
701,18.0,0.0,6.66247882283517e-06,0.0,16.0,0
702,18.0,0.0,0.00017790722022347858,23.0,1.0,0
703,13.0,0.0,0.0001528182285420593,0.0,16.0,0
704,7.0,2.0,2.360421068661603e-05,0.0,1.0,1
705,8.0,0.0,6.180242260420435e-05,12.0,17.0,0
706,0.0,0.0,6.852835360630461e-07,0.0,0.0,0
707,5.0,2.0,4.180229569984581e-05,9.0,0.0,1
708,27.0,0.0,8.762745956509876e-05,0.0,3.0,0
709,1.0,0.0,1.129448790918724e-06,0.0,0.0,0
710,36.0,0.0,7.309691051339158e-06,0.0,3.0,0
711,35.0,0.0,3.338853672929397e-05,9.0,5.0,0
712,20.0,0.0,1.1624439241365745e-05,0.0,4.0,0
713,0.0,0.0,4.03555860126016e-06,2.0,9.0,0
714,14.0,0.0,4.530485599527916e-06,9.0,5.0,0
715,14.0,0.0,2.5380871706038745e-06,0.0,4.0,0
716,4.0,2.0,0.00018184125533791457,1.0,0.0,1
717,8.0,0.0,0.00021319932233072544,24.0,0.0,0
718,8.0,0.0,1.3705670721260922e-05,0.0,4.0,0
719,15.0,0.0,4.187843831496393e-05,0.0,8.0,0
720,33.0,0.0,2.5380871706038743e-05,0.0,5.0,0
721,20.0,0.0,4.695461265617168e-07,1.0,8.0,0
722,5.0,2.0,0.0002728443708399165,0.0,8.0,1
723,0.0,2.0,0.002398352781426278,5.0,0.0,1
724,23.0,0.0,3.172608963254843e-06,5.0,0.0,0
725,6.0,0.0,8.629496380053173e-06,9.0,9.0,0
726,8.0,2.0,0.0001204068553734478,3.0,1.0,1
727,6.0,2.0,4.949269982677555e-07,2.0,4.0,1
728,8.0,2.0,1.8071180654699584e-05,3.0,1.0,1
729,35.0,0.0,0.0001250007931522408,0.0,3.0,0
730,20.0,0.0,0.00012055914060368403,9.0,9.0,0
731,33.0,0.0,0.00011519108623785684,1.0,3.0,0
732,5.0,0.0,9.267825303460047e-05,3.0,1.0,0
733,35.0,2.0,6.203085044955869e-05,5.0,5.0,1
734,35.0,0.0,2.8210838901262065e-05,3.0,4.0,0
735,39.0,0.0,1.7766610194227122e-05,12.0,5.0,0
736,4.0,2.0,3.3807321112443605e-05,0.0,3.0,1
737,20.0,0.0,2.4543302939739465e-05,0.0,3.0,0
738,4.0,0.0,1.1243726165775164e-05,2.0,5.0,0
739,7.0,0.0,6.680245433029397e-05,0.0,16.0,0
740,18.0,0.0,6.821109270997913e-05,12.0,16.0,0
741,33.0,0.0,8.464520713963922e-06,0.0,9.0,0
742,10.0,0.0,1.4847809948032665e-05,3.0,4.0,0
743,18.0,0.0,4.7842943165883036e-06,9.0,4.0,0
744,4.0,0.0,0.00015736140457744022,0.0,3.0,0
745,8.0,0.0,7.525428460840487e-06,0.0,0.0,0
746,36.0,0.0,5.8249100565358915e-06,9.0,0.0,0
747,1.0,1.0,7.956903279843146e-06,5.0,9.0,0
748,18.0,0.0,0.0001158129175946548,12.0,36.0,0
749,18.0,0.0,5.964504850919105e-05,0.0,0.0,0
750,37.0,0.0,8.673912905538741e-05,25.0,5.0,0
751,31.0,0.0,2.062195826115648e-05,1.0,8.0,0
752,0.0,0.0,1.8464584166143187e-05,0.0,3.0,0
753,17.0,2.0,2.2715880176904674e-06,0.0,3.0,1
754,35.0,2.0,0.002373530288897772,2.0,0.0,1
755,15.0,2.0,4.828710842073871e-05,0.0,0.0,1
756,4.0,1.0,9.93788031649947e-05,2.0,0.0,0
757,18.0,0.0,5.076174341207749e-06,0.0,3.0,0
758,33.0,0.0,2.161181225769199e-05,0.0,0.0,0
759,8.0,0.0,1.3832575079791115e-06,2.0,9.0,0
760,4.0,,5.049524425916408e-05,9.0,9.0,1
761,13.0,2.0,3.3413917601000005e-05,2.0,0.0,1
762,4.0,2.0,5.352825842803571e-05,1.0,0.0,1
763,0.0,0.0,2.489863514362401e-05,0.0,3.0,0
764,29.0,0.0,2.8731146771235858e-05,0.0,0.0,0
765,0.0,2.0,0.003509083179461799,5.0,5.0,1
766,4.0,0.0,3.0000190356537794e-05,9.0,16.0,0
767,13.0,,,,,0
768,21.0,,2.7918958876642617e-05,9.0,4.0,1
769,1.0,,5.152316956325865e-05,9.0,5.0,1
770,0.0,1.0,0.00026015393498689715,9.0,4.0,0
771,4.0,2.0,3.8071307559058118e-06,19.0,19.0,1
772,44.0,,,,,0
773,18.0,0.0,2.664991529134068e-06,0.0,4.0,0
774,20.0,0.0,2.7918958876642617e-05,1.0,8.0,0
775,45.0,0.0,8.24116904295078e-05,9.0,4.0,0
776,45.0,,,,,0
777,36.0,0.0,1.092646526944968e-05,9.0,5.0,0
778,4.0,,,,,0
779,30.0,0.0,4.060939472966199e-07,9.0,9.0,0
780,4.0,0.0,1.69671127354869e-05,0.0,3.0,0
781,1.0,,1.0875703526037603e-05,9.0,0.0,1
782,39.0,2.0,1.7906204988610333e-05,0.0,3.0,1
783,0.0,0.0,5.5837917753285236e-06,9.0,8.0,0
784,34.0,2.0,0.00040166498518391614,9.0,1.0,1
785,33.0,0.0,1.960672339291493e-05,0.0,3.0,0
786,35.0,0.0,1.1370630524305357e-05,9.0,16.0,0
787,35.0,2.0,6.34141079575378e-05,0.0,5.0,1
788,1.0,2.0,1.0875703526037603e-05,9.0,0.0,1
789,6.0,0.0,6.586336207717054e-05,9.0,3.0,0
790,4.0,0.0,6.764002309659325e-06,2.0,0.0,0
791,0.0,0.0,3.42641768031523e-05,4.0,8.0,0
792,46.0,1.0,0.00012055914060368403,5.0,37.0,0
793,18.0,0.0,1.232241321328181e-05,0.0,11.0,0
794,13.0,0.0,0.05113014676489064,0.0,4.0,0
795,30.0,0.0,5.342673494121156e-06,3.0,4.0,0
796,0.0,0.0,1.2182818418898597e-06,0.0,3.0,0
797,6.0,2.0,0.0003997487293701102,0.0,1.0,1
798,26.0,0.0,1.954327121364983e-06,9.0,9.0,0
799,1.0,0.0,2.664991529134068e-05,0.0,30.0,0
800,35.0,1.0,,0.0,4.0,0
801,30.0,0.0,1.2690435853019372e-05,0.0,3.0,0
802,1.0,0.0,0.00012055914060368403,0.0,19.0,0
803,36.0,1.0,1.8654940703938477e-06,9.0,16.0,0
804,4.0,0.0,2.1345313104778585e-05,0.0,3.0,0
805,13.0,2.0,1.0025444323885303e-05,3.0,5.0,1
806,17.0,2.0,5.710696133858717e-05,0.0,1.0,1
807,18.0,0.0,5.266530879003039e-06,0.0,8.0,0
808,6.0,0.0,4.781756229417699e-05,1.0,5.0,0
809,27.0,3.0,4.700537439958375e-05,5.0,5.0,0
810,13.0,,1.940367641926662e-05,3.0,1.0,1
811,13.0,,6.319837054803647e-06,3.0,1.0,1
812,20.0,0.0,9.51782688976453e-05,0.0,1.0,0
813,18.0,0.0,5.266530879003039e-06,11.0,5.0,0
814,4.0,0.0,6.459431849186861e-06,9.0,16.0,0
815,1.0,2.0,0.0003167659693272165,9.0,0.0,1
816,18.0,0.0,0.0001192900970183821,12.0,19.0,0
817,7.0,0.0,0.00012345255997817244,0.0,9.0,0
818,33.0,0.0,1.091377483359666e-05,0.0,3.0,0
819,4.0,0.0,1.0025444323885304e-06,0.0,3.0,0
820,30.0,,3.8223592789294346e-05,0.0,3.0,1
821,33.0,0.0,2.157374095013293e-07,0.0,19.0,0
822,6.0,0.0,8.16248834066206e-05,0.0,3.0,0
823,43.0,0.0,2.5380871706038743e-05,0.0,3.0,0
824,37.0,0.0,1.6814827505250668e-05,9.0,16.0,0
825,26.0,,6.0051142456487665e-05,0.0,9.0,1
826,4.0,0.0,3.8743900659268145e-05,0.0,17.0,0
827,5.0,0.0,2.3477306328085838e-05,0.0,0.0,0
828,23.0,0.0,6.535574464304976e-06,2.0,0.0,0
829,5.0,0.0,2.931490682047475e-05,0.0,3.0,0
830,8.0,0.0,1.0279253040945691e-05,3.0,9.0,0
831,20.0,0.0,1.3781813336379038e-05,5.0,0.0,0
832,6.0,2.0,4.860436931706419e-05,9.0,0.0,1
833,1.0,0.0,3.2995133217850364e-05,9.0,9.0,0
834,13.0,2.0,8.401068534698824e-05,3.0,1.0,1
835,9.0,0.0,4.3743932385357775e-05,3.0,1.0,0
836,35.0,0.0,8.375687662992786e-07,0.0,3.0,0
837,30.0,0.0,1.3451862004200533e-06,5.0,0.0,0
838,13.0,0.0,7.195477128661984e-06,9.0,9.0,0
839,50.0,0.0,6.345217926509686e-07,0.0,3.0,0
840,2.0,0.0,1.3401100260788457e-05,9.0,9.0,0
841,18.0,0.0,5.837600492388911e-06,9.0,4.0,0
842,20.0,0.0,1.3959479438321309e-06,1.0,8.0,0
843,0.0,0.0,5.698005698005698e-06,0.0,4.0,0
844,9.0,0.0,4.3743932385357775e-05,3.0,1.0,0
845,0.0,0.0,6.345217926509685e-05,0.0,3.0,0
846,20.0,,0.00013236124594699205,9.0,1.0,1
847,20.0,,0.0004632009086352071,9.0,1.0,1
848,4.0,0.0,4.229722269811357e-05,0.0,3.0,0
849,22.0,0.0,1.6624470967455378e-06,0.0,3.0,0
850,4.0,0.0,0.009244982518924612,0.0,3.0,0
851,0.0,0.0,6.776692745512344e-05,0.0,4.0,0
852,18.0,2.0,1.3071148928609954e-06,5.0,0.0,1
853,18.0,0.0,0.0001291886369837372,9.0,3.0,0
854,5.0,3.0,2.284278453543487e-05,9.0,1.0,0
855,13.0,0.0,2.204328707669465e-05,0.0,3.0,0
856,27.0,0.0,3.807130755905812e-05,0.0,3.0,0
857,0.0,1.0,7.340148097386405e-05,2.0,0.0,0
858,5.0,0.0,8.464520713963922e-06,1.0,8.0,0
859,30.0,0.0,1.916255813805925e-06,12.0,16.0,0
860,29.0,0.0,4.196727136593506e-05,9.0,16.0,0
861,43.0,0.0,7.6142615118116235e-06,0.0,3.0,0
862,4.0,0.0,0.0001395947943832131,0.0,3.0,0
863,8.0,1.0,2.3731115045146225e-06,9.0,0.0,0
864,8.0,0.0,1.0342705220210788e-05,9.0,5.0,0
865,17.0,2.0,0.00016289443460935666,9.0,0.0,1
866,8.0,0.0,8.629496380053173e-05,9.0,5.0,0
867,46.0,0.0,1.903565377952906e-05,0.0,0.0,0
868,11.0,0.0,9.017823717155566e-05,0.0,9.0,0
869,15.0,2.0,1.213205667548652e-05,0.0,5.0,1
870,20.0,0.0,2.2576285382521463e-05,1.0,8.0,0
871,13.0,2.0,4.1929200058376005e-05,0.0,3.0,1
872,13.0,2.0,5.5038420294545014e-05,0.0,3.0,1
873,26.0,0.0,1.0152348682415498e-05,0.0,3.0,0
874,22.0,0.0,0.00011203116771045502,0.0,8.0,0
875,4.0,0.0,6.8401449247774414e-06,1.0,8.0,0
876,4.0,0.0,9.890925703843299e-05,0.0,17.0,0
877,43.0,1.0,0.00011833831432940565,1.0,8.0,0
878,4.0,0.0,0.0006154861388714396,1.0,8.0,0
879,0.0,1.0,,9.0,5.0,0
880,35.0,0.0,1.2690435853019372e-05,0.0,4.0,0
881,23.0,0.0,5.710696133858717e-06,0.0,3.0,0
882,5.0,0.0,9.885849529502091e-06,9.0,16.0,0
883,23.0,0.0,0.0009604502566640652,3.0,4.0,0
884,13.0,0.0,2.0050888647770607e-05,9.0,1.0,0
885,18.0,0.0,6.345217926509686e-06,9.0,0.0,0
886,33.0,1.0,1.8147323269817702e-06,9.0,0.0,0
887,13.0,2.0,1.3616837670289786e-05,0.0,9.0,1
888,13.0,0.0,1.7652396271549947e-05,4.0,3.0,0
889,26.0,0.0,5.710696133858717e-05,3.0,4.0,0
890,26.0,0.0,5.076174341207749e-05,0.0,3.0,0
891,13.0,0.0,0.00021383384412337642,2.0,0.0,0
892,0.0,0.0,0.0005520339596063427,9.0,5.0,0
893,18.0,0.0,4.949269982677555e-05,9.0,4.0,0
894,26.0,0.0,5.557141860037183e-05,1.0,3.0,0
895,28.0,0.0,4.44165254855678e-07,0.0,8.0,0
896,4.0,0.0,0.0007423904974016332,3.0,1.0,0
897,31.0,0.0,4.260179315858603e-05,9.0,9.0,0
898,4.0,2.0,1.2677745417166353e-05,9.0,1.0,1
899,21.0,1.0,0.0001451151339792765,9.0,1.0,0
900,42.0,0.0,1.7766610194227122e-05,9.0,38.0,0
901,23.0,,,,,0
902,27.0,2.0,3.72083579210528e-05,0.0,3.0,1
903,21.0,1.0,0.0001451151339792765,3.0,1.0,0
904,6.0,2.0,2.889612243732511e-05,0.0,3.0,1
905,4.0,2.0,1.4898571691444742e-05,1.0,0.0,1
906,0.0,1.0,2.951795379412306e-05,2.0,0.0,0
907,4.0,0.0,1.1421392267717435e-05,0.0,4.0,0
908,10.0,0.0,4.213224703202432e-06,9.0,9.0,0
909,8.0,0.0,1.5012785614121916e-05,2.0,0.0,0
910,18.0,0.0,2.3528068071497914e-05,9.0,4.0,0
911,18.0,0.0,0.00010808444216016599,3.0,18.0,0
912,19.0,0.0,0.00015043242660169165,0.0,3.0,0
913,0.0,,,,,0
914,30.0,2.0,1.799503803958147e-05,9.0,9.0,1
915,43.0,2.0,0.01064995336264824,0.0,3.0,1
916,26.0,0.0,8.23482382502427e-05,1.0,4.0,0
917,23.0,0.0,2.5380871706038743e-05,0.0,39.0,0
918,9.0,2.0,3.172608963254843e-05,2.0,0.0,1
919,8.0,1.0,0.0006123389107798908,9.0,5.0,0
920,8.0,,,,,0
921,26.0,,,,,0
922,4.0,,2.5380871706038743e-05,0.0,3.0,1
923,40.0,0.0,1.255084105863616e-05,3.0,1.0,0
924,7.0,2.0,0.00031742587199157354,0.0,0.0,1
925,13.0,0.0,0.0002793291835608094,2.0,9.0,0
926,7.0,,,,,0
927,5.0,,,,,0
928,33.0,0.0,5.748767441417775e-06,11.0,5.0,0
929,33.0,1.0,4.7335325731762255e-05,0.0,1.0,0
930,40.0,,,,,0
931,6.0,0.0,0.00011550834713418233,0.0,3.0,0
932,0.0,,,,,0
933,24.0,0.0,4.543176035380935e-06,0.0,0.0,0
934,7.0,0.0,4.265255490199811e-05,12.0,16.0,0
935,9.0,0.0,6.180242260420435e-05,0.0,1.0,0
936,32.0,0.0,1.5228523023623247e-05,9.0,8.0,0
937,20.0,0.0,5.545720467769466e-06,0.0,14.0,0
938,20.0,0.0,2.121840874624839e-05,1.0,8.0,0
939,5.0,0.0,3.3007823653703385e-05,1.0,0.0,0
940,4.0,2.0,1.4086383796851503e-06,0.0,3.0,1
941,,1.0,0.005044448251575201,0.0,1.0,1
942,17.0,2.0,9.51782688976453e-05,12.0,1.0,1
943,25.0,2.0,7.423904974016332e-06,2.0,5.0,1
944,33.0,2.0,1.1675200984777823e-05,9.0,0.0,1
945,22.0,2.0,0.0005195083725150541,1.0,8.0,1
946,0.0,0.0,3.9314970272654014e-05,1.0,8.0,0
947,13.0,0.0,4.263986446614509e-06,1.0,0.0,0
948,51.0,0.0,1.755087278472579e-05,2.0,3.0,0
949,0.0,0.0,0.005133281302546336,3.0,1.0,0
950,4.0,0.0,5.29952601222089e-05,0.0,8.0,0
951,4.0,,3.205604096472693e-05,0.0,3.0,0
952,26.0,0.0,4.327438625879606e-06,0.0,3.0,0
953,13.0,0.0,0.0002023616901122469,0.0,21.0,0
954,23.0,1.0,3.304589496126245e-05,14.0,0.0,0
955,20.0,0.0,7.582535422179075e-05,7.0,3.0,0
956,18.0,0.0,0.00015956954041586557,1.0,0.0,0
957,5.0,0.0,1.1802105343308016e-06,9.0,1.0,0
958,33.0,1.0,8.109188510079379e-06,0.0,5.0,0
959,4.0,0.0,2.244938102399127e-05,3.0,9.0,0
960,35.0,0.0,8.147259817638436e-06,0.0,3.0,0
961,29.0,2.0,0.0001208637110641565,9.0,1.0,1
962,29.0,2.0,2.5380871706038744e-07,9.0,1.0,1
963,29.0,2.0,5.439120806604103e-05,9.0,1.0,1
964,43.0,0.0,1.1560987062100648e-05,0.0,4.0,0
965,4.0,,,,,0
966,29.0,2.0,1.2830030647402585e-05,9.0,1.0,1
967,7.0,0.0,3.7538309253231305e-05,0.0,3.0,0
968,5.0,2.0,0.00010590168719344665,14.0,5.0,1
969,33.0,0.0,5.076174341207749e-08,2.0,16.0,0
970,8.0,0.0,6.091409209449299e-07,4.0,3.0,0
971,0.0,0.0,8.88330509711356e-05,0.0,4.0,0
972,26.0,2.0,1.2690435853019373e-06,2.0,5.0,1
973,4.0,0.0,3.850278237806077e-05,5.0,0.0,0
974,0.0,2.0,3.5533220388454245e-05,3.0,1.0,1
975,15.0,0.0,0.0006942556742111308,2.0,5.0,0
976,25.0,2.0,8.185331125197495e-06,3.0,1.0,1
977,25.0,2.0,8.616805944200153e-06,3.0,1.0,1
978,37.0,1.0,1.9568652085355873e-05,2.0,40.0,0
979,4.0,0.0,9.264018172704141e-05,0.0,9.0,0
980,4.0,0.0,0.00011879517002011434,0.0,4.0,0
981,9.0,0.0,7.449285845722371e-06,12.0,0.0,0
982,0.0,0.0,5.710696133858717e-05,0.0,5.0,0
983,5.0,,,,,0
984,30.0,0.0,6.237349221759021e-05,3.0,7.0,0
985,15.0,0.0,1.5304665638741362e-05,0.0,3.0,0
986,0.0,2.0,2.2335167101314094e-05,6.0,8.0,1
987,29.0,2.0,1.5812283072862138e-05,9.0,1.0,1
988,28.0,0.0,6.345217926509686e-06,2.0,16.0,0
989,29.0,1.0,0.0003469438257856966,9.0,41.0,0
990,29.0,2.0,3.756369012493734e-06,26.0,41.0,1
991,29.0,2.0,1.5215832587770226e-05,26.0,41.0,1
992,29.0,2.0,2.728443708399165e-06,26.0,41.0,1
993,4.0,2.0,0.0007030501462572732,0.0,4.0,1
994,23.0,2.0,7.347762358898216e-06,0.0,3.0,1
995,42.0,0.0,5.45688741679833e-07,1.0,0.0,0
996,18.0,0.0,1.091377483359666e-06,1.0,8.0,0
997,13.0,0.0,6.345217926509686e-06,0.0,30.0,0
998,7.0,0.0,6.388365408409952e-05,8.0,8.0,0
999,5.0,0.0,1.9923984289240414e-06,9.0,9.0,0
1000,28.0,0.0,3.1624566145724276e-05,2.0,9.0,0
1001,23.0,0.0,9.89853996535511e-05,2.0,9.0,0
1002,4.0,0.0,6.343948882924383e-05,0.0,8.0,0
1003,14.0,0.0,1.8147323269817702e-06,9.0,9.0,0
1004,0.0,,6.345217926509686e-06,9.0,5.0,1
1005,18.0,2.0,1.0152348682415498e-06,9.0,0.0,1
1006,13.0,0.0,9.593969504882645e-06,3.0,9.0,0
1007,11.0,1.0,0.002709408054619636,9.0,3.0,0
1008,4.0,0.0,5.9365858920424624e-05,3.0,1.0,0
1009,17.0,1.0,6.719585784173757e-05,0.0,5.0,0
1010,17.0,1.0,0.00021923996979676268,0.0,5.0,0
1011,9.0,0.0,2.6586463112075584e-05,0.0,8.0,0
1012,13.0,0.0,4.263986446614509e-06,2.0,0.0,0
1013,18.0,,,,,0
1014,32.0,0.0,6.078718773596279e-06,1.0,0.0,0
1015,24.0,2.0,3.4264176803152303e-07,1.0,0.0,1
1016,7.0,2.0,0.0009457674223821217,0.0,0.0,1
1017,1.0,1.0,2.5964631755277636e-05,9.0,5.0,0
1018,6.0,0.0,8.172640689344476e-06,9.0,0.0,0
1019,4.0,0.0,3.718297704934676e-06,1.0,8.0,0
1020,11.0,1.0,5.710696133858717e-05,9.0,5.0,0
1021,17.0,2.0,9.404882010672657e-05,0.0,8.0,1
1022,,,0.0005834174074708596,0.0,8.0,1
1023,40.0,0.0,4.124391652231296e-05,0.0,5.0,0
1024,11.0,2.0,0.00013028001446709688,13.0,1.0,1
1025,26.0,2.0,2.5672751730658188e-05,12.0,0.0,1
1026,33.0,0.0,1.4847809948032666e-06,1.0,0.0,0
1027,37.0,,1.1421392267717435e-05,9.0,0.0,1
1028,12.0,0.0,8.121878945932398e-05,0.0,8.0,0
1029,30.0,0.0,0.00014956947696368632,3.0,9.0,0
1030,18.0,0.0,2.3667662865881128e-05,12.0,3.0,0
1031,10.0,1.0,0.00010571133065565137,0.0,5.0,0
1032,3.0,2.0,2.1573740950132933e-05,9.0,0.0,1
1033,20.0,1.0,5.494958724357388e-05,9.0,9.0,0
1034,14.0,1.0,0.00011802105343308016,3.0,1.0,1
1035,0.0,0.0,9.555898197323586e-06,3.0,9.0,0
1036,0.0,0.0,2.2944308022259025e-05,3.0,9.0,0
1037,0.0,0.0,1.879453549832169e-05,3.0,9.0,0
1038,0.0,0.0,2.845195718246943e-05,3.0,9.0,0
1039,35.0,2.0,1.092646526944968e-05,3.0,1.0,1
1040,37.0,1.0,4.593937778793012e-06,9.0,0.0,0
1041,25.0,0.0,1.637066225039499e-06,0.0,0.0,0
1042,5.0,0.0,1.7068636222311054e-05,1.0,0.0,0
1043,10.0,2.0,0.00018737428536983104,2.0,5.0,1
1044,13.0,2.0,6.593950469228866e-05,0.0,0.0,1
1045,10.0,0.0,2.3946852454647555e-05,9.0,29.0,0
1046,14.0,0.0,,5.0,1.0,0
1047,35.0,2.0,6.446741413333841e-06,2.0,9.0,1
1048,43.0,0.0,2.9543334665829098e-05,12.0,0.0,0
1049,19.0,,5.3858209760214215e-05,9.0,0.0,1
1050,0.0,0.0,6.345217926509686e-06,0.0,3.0,0
1051,17.0,1.0,0.0001399881978946567,9.0,0.0,0
1052,36.0,0.0,0.00022099124994447934,9.0,5.0,0
1053,9.0,,2.5380871706038744e-08,9.0,9.0,1
1054,41.0,0.0,8.984828583937715e-06,0.0,4.0,0
1055,43.0,2.0,0.00433628385966916,0.0,42.0,1
1056,28.0,1.0,3.12438530701337e-05,0.0,8.0,0
1057,20.0,0.0,0.0003256619648601831,9.0,4.0,0
1058,33.0,0.0,1.192900970183821e-06,9.0,43.0,0
1059,17.0,1.0,0.0007151441316252007,9.0,0.0,0
1060,38.0,2.0,4.20561044169062e-05,0.0,3.0,1
1061,32.0,0.0,0.00011599058369659706,9.0,9.0,0
1062,29.0,0.0,1.0203110425827576e-05,2.0,9.0,0
1063,4.0,0.0,6.783037963438855e-05,0.0,4.0,0
1064,5.0,0.0,1.6510257044778203e-05,9.0,12.0,0
1065,13.0,0.0,5.076174341207749e-07,0.0,14.0,0
1066,26.0,0.0,8.566044200788075e-06,9.0,9.0,0
1067,18.0,2.0,0.0001111047658931846,0.0,5.0,1
1068,18.0,2.0,1.6890970120368785e-05,3.0,5.0,1
1069,4.0,0.0,0.0004213478511919492,0.0,8.0,0
1070,0.0,0.0,3.0127094715067987e-05,9.0,16.0,0
1071,9.0,1.0,2.2703189741051656e-05,9.0,9.0,0
1072,11.0,1.0,1.5228523023623245e-06,9.0,5.0,0
1073,5.0,0.0,0.00013324957645670341,13.0,5.0,0
1074,20.0,0.0,0.0012246270598163694,13.0,32.0,0
1075,20.0,0.0,4.720842137323206e-06,0.0,3.0,0
1076,4.0,0.0,6.30841566253593e-05,0.0,4.0,0
1077,30.0,0.0,3.172608963254843e-06,0.0,3.0,0
1078,20.0,0.0,1.903565377952906e-05,0.0,16.0,0
1079,4.0,0.0,7.994974587402204e-07,0.0,3.0,0
1080,4.0,0.0,0.00017285642675397687,9.0,9.0,0
1081,4.0,0.0,7.36933609984835e-05,9.0,33.0,0
1082,25.0,0.0,8.883305097113561e-06,0.0,16.0,0
1083,11.0,0.0,0.0005357013686635067,0.0,3.0,0
1084,4.0,0.0,1.1675200984777822e-06,9.0,0.0,0
1085,25.0,1.0,7.6142615118116235e-06,3.0,4.0,0
1086,42.0,1.0,0.01347735708982925,3.0,1.0,0
1087,5.0,2.0,2.6510320496957466e-05,0.0,0.0,1
1088,23.0,0.0,6.979739719160655e-05,0.0,7.0,0
1089,35.0,2.0,0.000797276632465942,9.0,0.0,1
1090,25.0,2.0,0.0006398263948375306,2.0,1.0,1
1091,34.0,0.0,0.00014594001230972277,0.0,1.0,0
1092,11.0,0.0,1.5228523023623245e-06,1.0,0.0,0
1093,5.0,0.0,2.043160172336119e-06,0.0,0.0,0
1094,4.0,0.0,2.8934193744884168e-05,0.0,4.0,0
1095,29.0,1.0,0.0,9.0,0.0,0
1096,,1.0,9.404882010672657e-05,9.0,8.0,0
1097,13.0,,2.284278453543487e-06,9.0,1.0,1
1098,20.0,2.0,3.59646952074569e-05,2.0,1.0,1
1099,27.0,0.0,0.000487388879371062,0.0,3.0,0
1100,15.0,0.0,3.843933019879568e-05,5.0,5.0,0
1101,4.0,2.0,4.44165254855678e-05,9.0,1.0,1
1102,15.0,0.0,0.00016975996040584013,23.0,20.0,0
1103,13.0,0.0,6.116790081155337e-06,0.0,3.0,0
1104,23.0,0.0,2.7918958876642616e-07,0.0,0.0,0
1105,29.0,2.0,5.059676774598824e-05,3.0,1.0,1
1106,7.0,0.0,2.3071212380789218e-05,0.0,21.0,0
1107,33.0,0.0,1.332495764567034e-06,1.0,0.0,0
1108,43.0,0.0,0.00045558664712339546,1.0,5.0,0
1109,26.0,2.0,8.269088001827423e-05,9.0,1.0,1
1110,14.0,0.0,0.00039564971858958495,3.0,1.0,0
1111,26.0,2.0,0.00012187894593239805,3.0,1.0,1
1112,0.0,2.0,0.0007624667669211099,3.0,1.0,1
1113,4.0,0.0,9.530517325617549e-06,3.0,1.0,0
1114,30.0,1.0,0.0001402420066117171,14.0,5.0,0
1115,6.0,0.0,0.00035279411671393856,5.0,5.0,0
1116,4.0,2.0,1.4898571691444742e-05,10.0,5.0,1
1117,26.0,2.0,2.5380871706038744e-07,15.0,1.0,1
1118,26.0,,,,,0
1119,6.0,,,,,0
1120,10.0,2.0,0.00012055914060368403,4.0,0.0,1
1121,4.0,2.0,0.0006245471100704954,10.0,0.0,1
1122,1.0,,4.52667846877201e-05,3.0,1.0,1
1123,45.0,0.0,7.072379900887696e-05,3.0,1.0,0
1124,4.0,0.0,0.0,0.0,0.0,0
1125,13.0,0.0,0.00016682846972379265,0.0,3.0,0
1126,6.0,2.0,0.05710061612066066,0.0,1.0,1
1127,6.0,,,,,0
1128,38.0,0.0,6.979739719160655e-05,9.0,9.0,0
1129,33.0,0.0,7.158674864688228e-05,0.0,1.0,0
1130,26.0,0.0,2.3477306328085838e-05,0.0,0.0,0
1131,10.0,0.0,1.2055914060368403e-06,0.0,30.0,0
1132,18.0,0.0,5.685315262152679e-06,0.0,4.0,0
1133,1.0,0.0,1.111682180724497e-05,5.0,0.0,0
1134,20.0,1.0,3.83251162761185e-06,9.0,0.0,0
1135,26.0,0.0,2.7918958876642618e-06,5.0,5.0,0
1136,6.0,1.0,1.5444260433124576e-05,2.0,5.0,0
1137,8.0,0.0,0.00013316074340573227,0.0,8.0,0
1138,0.0,0.0,0.00012822416385890772,9.0,4.0,0
1139,4.0,0.0,3.434031941827042e-05,0.0,44.0,0
1140,26.0,0.0,0.00012055914060368403,9.0,0.0,0
1141,6.0,2.0,8.375687662992786e-07,0.0,0.0,1
1142,5.0,0.0,4.162462959790354e-05,0.0,4.0,0
1143,35.0,1.0,1.2233580162310674e-05,9.0,0.0,0
1144,20.0,0.0,5.25384044315002e-06,1.0,8.0,0
1145,0.0,0.0,3.6675359615225985e-06,4.0,30.0,0
1146,28.0,0.0,2.5000158630448163e-06,9.0,5.0,0
1147,18.0,2.0,0.0010418974739687436,12.0,16.0,1
1148,27.0,0.0,3.980989727092177e-05,9.0,0.0,0
1149,13.0,0.0,1.733513537522446e-05,9.0,0.0,0
1150,0.0,2.0,0.025374526488112233,9.0,45.0,1
1151,4.0,0.0,0.0004141650644991402,0.0,3.0,0
1152,18.0,,,,,0
1153,18.0,0.0,2.2208262742783903e-06,9.0,16.0,0
1154,19.0,0.0,4.3528194975856445e-06,0.0,8.0,0
1155,6.0,2.0,3.8071307559058118e-06,0.0,0.0,1
1156,13.0,,3.3883463727561725e-06,3.0,9.0,1
1157,13.0,2.0,3.3883463727561725e-06,2.0,9.0,1
1158,19.0,0.0,2.7373270134962786e-05,9.0,0.0,0
1159,28.0,2.0,4.539368904625029e-05,9.0,8.0,1
1160,28.0,,,,,0
1161,30.0,0.0,2.9188002461944554e-07,0.0,3.0,0
1162,45.0,0.0,2.62692022157501e-06,0.0,46.0,0
1163,25.0,0.0,2.649763006110445e-05,0.0,3.0,0
1164,9.0,1.0,7.362990881921839e-05,9.0,5.0,0
1165,20.0,0.0,0.00013062265623512838,0.0,3.0,0
1166,6.0,0.0,0.0038963191390808316,9.0,1.0,0
1167,36.0,0.0,1.0406157399475886e-05,0.0,3.0,0
1168,43.0,2.0,1.0786870475066467e-06,9.0,1.0,1
1169,5.0,2.0,1.4809738640473608e-05,9.0,0.0,1
1170,0.0,0.0,3.934035114436005e-06,0.0,4.0,0
1171,4.0,0.0,1.0482300014594001e-05,3.0,9.0,0
1172,0.0,0.0,4.44165254855678e-05,9.0,0.0,0
1173,8.0,0.0,1.7411277990342578e-05,9.0,0.0,0
1174,26.0,0.0,3.676419266619712e-05,0.0,3.0,0
1175,20.0,0.0,4.251296010761489e-06,9.0,8.0,0
1176,30.0,1.0,0.00018883368549292825,9.0,5.0,1
1177,0.0,2.0,5.076174341207749e-05,3.0,1.0,1
1178,20.0,0.0,0.00012129518588315916,9.0,0.0,0
1179,7.0,0.0,8.629496380053172e-07,12.0,0.0,0
1180,0.0,0.0,6.345217926509686e-06,0.0,3.0,0
1181,8.0,,,,,0
1182,4.0,0.0,1.7297064067665406e-05,0.0,5.0,0
1183,26.0,,,,,0
1184,43.0,2.0,0.00044235052252869625,9.0,1.0,1
1185,28.0,0.0,2.8807289386353975e-06,27.0,0.0,0
1186,20.0,0.0,0.00024746349913387774,0.0,0.0,0
1187,18.0,0.0,3.807130755905812e-05,0.0,1.0,0
1188,0.0,1.0,8.88330509711356e-08,1.0,8.0,0
1189,36.0,0.0,1.573614045774402e-05,0.0,0.0,0
1190,18.0,0.0,1.6269138763570834e-05,9.0,9.0,0
1191,18.0,,,,,0
1192,5.0,0.0,0.00017014067348143072,0.0,3.0,0
1193,18.0,0.0,9.375694008210712e-05,0.0,19.0,0
1194,8.0,0.0,0.0009614020393530415,0.0,1.0,0
1195,20.0,0.0,4.360433759097456e-05,0.0,28.0,0
1196,0.0,1.0,0.0009447268066421742,1.0,1.0,0
1197,48.0,1.0,,9.0,9.0,0
1198,4.0,0.0,0.0001608766553087266,0.0,1.0,0
1199,4.0,2.0,2.7804744953965445e-05,0.0,0.0,1
1200,15.0,0.0,1.010158693900342e-05,2.0,9.0,0
1201,4.0,0.0,0.00037436785766407145,0.0,1.0,0
1202,10.0,0.0,6.332527490656667e-06,0.0,30.0,0
1203,5.0,0.0,4.568556907086974e-06,0.0,0.0,0
1204,20.0,1.0,0.0003994949206530498,2.0,9.0,0
1205,18.0,0.0,1.2043223624515384e-05,9.0,16.0,0
1206,0.0,1.0,0.000598772834853013,0.0,1.0,0
1207,33.0,0.0,5.329983058268136e-07,0.0,3.0,0
1208,0.0,2.0,5.036833990063389e-05,9.0,0.0,1
1209,29.0,0.0,1.6218377020158758e-05,5.0,0.0,0
1210,25.0,2.0,0.00032061117139068143,0.0,1.0,1
1211,21.0,0.0,1.4048312489292445e-05,1.0,0.0,0
1212,14.0,0.0,1.5609236099213827e-06,0.0,3.0,0
1213,18.0,0.0,2.50889916814193e-05,2.0,9.0,0
1214,28.0,0.0,5.076174341207749e-05,0.0,3.0,0
1215,8.0,0.0,,9.0,1.0,0
1216,4.0,1.0,0.00037436785766407145,3.0,47.0,0
1217,15.0,0.0,1.4720905589502472e-06,9.0,8.0,0
1218,13.0,0.0,0.0001538207729744478,9.0,5.0,0
1219,9.0,0.0,1.2538150622783139e-05,9.0,9.0,0
1220,13.0,0.0,0.00202412451855659,2.0,0.0,0
1221,30.0,0.0,5.710696133858717e-05,0.0,3.0,0
1222,36.0,0.0,0.0005139626520472845,0.0,3.0,0
1223,4.0,0.0,,3.0,5.0,0
1224,13.0,,,,,0
1225,5.0,1.0,0.0001516507084435815,5.0,0.0,0
1226,4.0,0.0,,0.0,25.0,0
1227,18.0,0.0,1.7246302324253326e-05,9.0,9.0,0
1228,0.0,0.0,8.285585568436349e-05,3.0,1.0,0
1229,1.0,0.0,4.44165254855678e-05,9.0,20.0,0
1230,35.0,0.0,0.0005506380116625106,0.0,3.0,0
1231,9.0,,,,,0
1232,4.0,0.0,6.725931002100267e-06,0.0,4.0,0
1233,6.0,1.0,0.0009961992144620208,9.0,5.0,0
1234,33.0,0.0,4.225915139055451e-06,9.0,16.0,0
1235,18.0,0.0,0.0,5.0,7.0,0
1236,0.0,0.0,5.609172647034563e-05,0.0,0.0,0
1237,20.0,0.0,5.859174233339044e-05,0.0,8.0,0
1238,0.0,0.0,1.3959479438321308e-05,3.0,4.0,0
1239,4.0,0.0,4.378200369291683e-06,9.0,16.0,0
1240,4.0,0.0,9.961992144620207e-06,9.0,9.0,0
1241,23.0,0.0,1.903565377952906e-05,0.0,48.0,0
1242,11.0,1.0,1.6497566608925184e-06,9.0,0.0,0
1243,4.0,0.0,9.422648620866884e-05,0.0,3.0,0
1244,0.0,0.0,2.258897581837448e-06,0.0,3.0,0
1245,10.0,0.0,0.00017258992760106346,0.0,5.0,0
1246,6.0,0.0,0.0007131263523245706,0.0,8.0,0
1247,40.0,0.0,0.0002347730632808584,5.0,0.0,0
1248,33.0,0.0,5.710696133858717e-05,5.0,0.0,0
1249,20.0,1.0,2.8832670258060013e-05,0.0,30.0,0
1250,13.0,2.0,2.284278453543487e-06,1.0,0.0,1
1251,8.0,0.0,5.774148313123814e-06,1.0,0.0,0
1252,47.0,2.0,2.930221638462173e-05,1.0,0.0,0
1253,18.0,0.0,1.2690435853019373e-06,9.0,9.0,0
1254,35.0,1.0,,3.0,1.0,0
1255,0.0,0.0,3.172608963254843e-05,9.0,5.0,0
1256,0.0,1.0,0.00010406157399475885,9.0,5.0,0
1257,3.0,0.0,0.000222082627427839,3.0,9.0,0
1258,34.0,0.0,2.0977290465041023e-05,0.0,3.0,0
1259,35.0,0.0,0.000797276632465942,9.0,0.0,0
1260,4.0,0.0,3.456874726362477e-05,0.0,1.0,0
1261,18.0,0.0,2.360421068661603e-06,9.0,31.0,0
1262,45.0,0.0,8.133300338200116e-05,9.0,49.0,0
1263,26.0,0.0,8.88330509711356e-07,3.0,1.0,0
1264,26.0,1.0,0.007072113401734782,3.0,1.0,0
1265,26.0,1.0,0.0045003711952487,3.0,1.0,0
1266,32.0,0.0,5.289373663538474e-05,1.0,0.0,0
1267,35.0,0.0,4.380738456462287e-05,3.0,9.0,0
1268,36.0,0.0,2.1662574001104067e-05,9.0,0.0,0
1269,4.0,0.0,1.0685346988242311e-05,0.0,0.0,1
1270,4.0,0.0,9.3020894802632e-06,1.0,3.0,0
1271,35.0,1.0,0.00048034568747263624,0.0,8.0,0
1272,4.0,0.0,2.5380871706038743e-05,0.0,5.0,0
1273,20.0,0.0,8.81731483067786e-05,9.0,11.0,0
1274,7.0,1.0,0.008846325167037861,3.0,1.0,0
1275,35.0,1.0,1.0,3.0,1.0,0
1276,38.0,0.0,4.44165254855678e-05,3.0,19.0,0
1277,18.0,0.0,0.00017356709116174594,3.0,9.0,0
1278,23.0,1.0,0.1395884491652866,3.0,1.0,0
1279,9.0,1.0,4.318555320782492e-05,0.0,0.0,0
1280,36.0,0.0,0.0019178548087234056,3.0,5.0,0
1281,13.0,1.0,2.846464761832245e-05,3.0,1.0,0
1282,0.0,0.0,1.2690435853019373e-06,0.0,3.0,0
1283,35.0,0.0,1.9035653779529059e-06,1.0,0.0,0
1284,18.0,0.0,0.00010406157399475885,9.0,5.0,0
1285,18.0,0.0,1.149753488283555e-05,9.0,0.0,0
1286,10.0,0.0,2.503822993800722e-05,1.0,0.0,0
1287,0.0,1.0,0.0006281765747244589,3.0,1.0,0
1288,20.0,1.0,0.0005402064733913286,3.0,1.0,0
1289,18.0,0.0,1.6116853533334602e-06,1.0,0.0,0
1290,13.0,1.0,4.822365624147361e-06,3.0,1.0,0
1291,0.0,1.0,1.5076237793387014e-05,3.0,1.0,0
1292,18.0,1.0,0.0,3.0,50.0,0
1293,0.0,0.0,9.137113814173948e-05,0.0,1.0,0
1294,,1.0,1.2157437547192558e-05,9.0,5.0,0
1295,30.0,0.0,1.0152348682415498e-07,9.0,0.0,0
1296,6.0,1.0,4.593937778793012e-06,9.0,0.0,0
1297,27.0,1.0,6.345217926509686e-07,3.0,1.0,0
1298,4.0,0.0,4.137082088084315e-06,0.0,0.0,0
1299,26.0,1.0,5.8122196206828725e-06,9.0,0.0,0
1300,5.0,0.0,0.0010274557579680074,9.0,14.0,0
1301,42.0,0.0,8.297006960704066e-05,3.0,5.0,0
1302,4.0,0.0,4.378200369291683e-06,9.0,9.0,0
1303,34.0,0.0,0.00010521640365738362,9.0,16.0,0
1304,13.0,1.0,3.578702910551463e-06,3.0,1.0,0
1305,29.0,1.0,0.00013256429292064035,3.0,1.0,0
1306,0.0,0.0,4.733532573176226e-06,9.0,9.0,0
1307,29.0,0.0,4.289367318320548e-06,9.0,0.0,0
1308,18.0,1.0,3.266518188567186e-05,3.0,1.0,0
1309,28.0,1.0,6.26907531139157e-05,3.0,1.0,0
1310,0.0,0.0,4.746223009029245e-06,9.0,8.0,0
1311,35.0,0.0,3.2487515783729592e-06,3.0,9.0,0
1312,20.0,0.0,7.994974587402204e-07,1.0,3.0,0
1313,13.0,0.0,3.152304265890012e-05,9.0,0.0,0
1314,1.0,1.0,0.00015228523023623247,3.0,1.0,0
1315,4.0,0.0,1.633259094283593e-05,0.0,5.0,0
1316,43.0,0.0,1.2017842752809345e-05,9.0,9.0,0
1317,,1.0,0.0,0.0,4.0,0
1318,33.0,0.0,2.644686831769237e-05,1.0,0.0,0
1319,11.0,0.0,0.00031049689401582497,3.0,9.0,0
1320,0.0,0.0,0.0004885817803412458,3.0,9.0,0
1321,6.0,0.0,1.555847435580175e-05,5.0,11.0,0
1322,33.0,0.0,1.903565377952906e-05,9.0,0.0,0
1323,0.0,1.0,4.822365624147361e-06,3.0,1.0,0
1324,32.0,0.0,4.619318650499051e-06,1.0,0.0,0
1325,13.0,0.0,3.172608963254843e-05,0.0,3.0,0
1326,4.0,0.0,5.5647561215489944e-05,9.0,51.0,0
1327,20.0,0.0,3.59646952074569e-05,9.0,9.0,0
1328,20.0,0.0,0.001136555434996415,9.0,9.0,0
1329,4.0,0.0,4.822365624147361e-06,0.0,0.0,0
1330,10.0,0.0,3.579971954136765e-05,3.0,1.0,0
1331,13.0,0.0,8.09649807422636e-06,1.0,0.0,0
1332,4.0,0.0,1.0647275680683253e-05,1.0,0.0,0
1333,18.0,0.0,6.345217926509686e-06,9.0,52.0,0
1334,5.0,0.0,2.2322476665461074e-05,0.0,5.0,0
1335,8.0,2.0,0.00025396100229062367,0.0,5.0,1
1336,5.0,0.0,1.333764808152336e-05,0.0,4.0,0
1337,33.0,0.0,6.104099645302318e-06,3.0,4.0,0
1338,26.0,1.0,7.190400954320776e-05,9.0,0.0,0
1339,29.0,0.0,5.361709147900685e-05,0.0,3.0,0
1340,13.0,0.0,1.6751375325985572e-06,9.0,4.0,0
1341,4.0,,1.0685346988242311e-05,0.0,53.0,1
1342,18.0,0.0,7.614261511811623e-08,0.0,3.0,0
1343,11.0,1.0,0.013953134220394799,3.0,1.0,0
1344,13.0,0.0,9.89853996535511e-05,9.0,0.0,0
1345,35.0,0.0,0.0038869409069854505,3.0,9.0,0
1346,20.0,0.0,3.684033528131524e-05,9.0,0.0,0
1347,20.0,0.0,8.50259202152298e-07,9.0,16.0,0
1348,20.0,0.0,4.387083674388797e-05,9.0,9.0,0
1349,36.0,1.0,0.00017132088401576153,0.0,3.0,0
1350,5.0,0.0,2.341385414882074e-05,0.0,11.0,0
1351,4.0,2.0,6.281765747244589e-06,0.0,3.0,1
1352,27.0,0.0,0.0006281765747244589,5.0,8.0,0
1353,4.0,0.0,8.502592021522979e-06,0.0,54.0,0
1354,4.0,0.0,8.085076681958641e-05,0.0,35.0,0
1355,1.0,0.0,3.8071307559058116e-08,9.0,5.0,0
1356,11.0,0.0,0.0,9.0,11.0,0
1357,4.0,1.0,4.3528194975856445e-06,9.0,1.0,0
1358,24.0,0.0,2.8198148465409044e-05,0.0,3.0,0
1359,34.0,0.0,0.00014594001230972277,0.0,55.0,0
1360,0.0,1.0,7.741165870341817e-05,9.0,1.0,0
1361,6.0,0.0,0.0001158256080305078,0.0,56.0,0
1362,0.0,2.0,0.00022478569026453213,0.0,3.0,1
1363,45.0,0.0,3.172608963254843e-05,0.0,49.0,0
1364,4.0,0.0,5.531760988331144e-05,9.0,16.0,0
1365,20.0,0.0,4.7246492680791124e-05,9.0,5.0,0
1366,13.0,2.0,2.994942861312572e-05,3.0,1.0,1
1367,20.0,0.0,1.1421392267717435e-07,0.0,16.0,0
1368,16.0,0.0,0.00015753907067938248,0.0,4.0,0
1369,11.0,0.0,6.7132405662472476e-06,9.0,16.0,0
1370,5.0,1.0,2.8172767593703006e-06,9.0,9.0,0
1371,18.0,0.0,3.706876312666959e-05,9.0,16.0,0
1372,38.0,0.0,9.128230509076835e-05,0.0,3.0,0
1373,9.0,1.0,9.093966332273682e-05,3.0,1.0,0
1374,26.0,1.0,3.1510352223047103e-05,9.0,9.0,0
1375,10.0,0.0,1.878184506246867e-06,9.0,9.0,0
1376,18.0,1.0,8.945488232793355e-05,9.0,0.0,0
1377,3.0,0.0,1.1992461881103307e-05,9.0,0.0,0
1378,20.0,0.0,1.535542738215344e-06,1.0,0.0,0
1379,29.0,0.0,1.2817340211549566e-06,9.0,16.0,0
1380,15.0,0.0,1.6878279684515765e-06,1.0,8.0,0
1381,39.0,1.0,7.614261511811623e-07,0.0,4.0,0
1382,4.0,0.0,0.05710061612066066,3.0,1.0,0
1383,11.0,1.0,1.2373174956693887e-05,3.0,1.0,0
1384,20.0,0.0,0.0001525009676457338,0.0,31.0,0
1385,35.0,2.0,0.049486354608849044,3.0,43.0,1
1386,42.0,0.0,7.614261511811624e-05,9.0,0.0,0
1387,20.0,1.0,6.139632865690773e-05,3.0,16.0,0
1388,24.0,0.0,4.505104727821877e-06,9.0,16.0,0
1389,33.0,0.0,6.421360541627802e-06,1.0,8.0,0
1390,10.0,0.0,0.0001544806756388048,1.0,8.0,0
1391,4.0,2.0,1.2614293237901256e-05,9.0,3.0,1
1392,10.0,0.0,1.4606691666825298e-05,9.0,0.0,0
1393,48.0,0.0,7.753856306194836e-06,1.0,0.0,0
1394,48.0,0.0,0.00015863044816274215,3.0,1.0,0
1395,4.0,0.0,0.0008724167031516697,0.0,3.0,0
1396,4.0,0.0,0.00010786870475066466,0.0,7.0,0
1397,48.0,0.0,8.477211149816941e-06,9.0,0.0,0
1398,10.0,0.0,1.9936674725093434e-05,1.0,8.0,0
1399,28.0,0.0,1.979707993071022e-05,9.0,9.0,0
1400,50.0,0.0,1.903565377952906e-05,0.0,30.0,0
1401,0.0,0.0,6.395979669921763e-06,0.0,48.0,0
1402,13.0,0.0,9.955646926693697e-05,9.0,0.0,0
1403,33.0,0.0,1.1421392267717435e-05,9.0,5.0,0
1404,23.0,0.0,1.1751343599895938e-05,1.0,0.0,0
1405,30.0,1.0,1.4238669027087736e-05,9.0,0.0,0
1406,29.0,0.0,0.00202412451855659,0.0,3.0,0
1407,13.0,0.0,0.00012055914060368403,3.0,1.0,0
1408,36.0,0.0,1.2690435853019372e-05,9.0,9.0,0
1409,18.0,0.0,0.00015863044816274215,0.0,0.0,0
1410,4.0,0.0,8.883305097113561e-06,0.0,57.0,0
1411,33.0,0.0,9.091428245103078e-05,1.0,8.0,0
1412,4.0,0.0,1.903565377952906e-05,0.0,4.0,0
1413,40.0,0.0,4.390890805144703e-06,0.0,16.0,0
1414,26.0,1.0,3.8071307559058118e-06,9.0,0.0,0
1415,29.0,0.0,1.2055914060368403e-05,0.0,3.0,0
1416,4.0,0.0,9.416303402940375e-06,0.0,3.0,0
1417,18.0,0.0,1.2791959339843527e-05,9.0,0.0,0
1418,9.0,0.0,0.00019805963235807334,3.0,9.0,0
1419,20.0,1.0,0.12689801331226722,3.0,1.0,0
1420,8.0,1.0,3.8959638068769474e-06,9.0,0.0,0
1421,8.0,1.0,1.3071148928609952e-05,9.0,0.0,0
1422,4.0,0.0,2.2868165407140908e-05,9.0,9.0,0
1423,20.0,1.0,2.804586323517281e-06,9.0,0.0,0
1424,45.0,0.0,0.0001776661019422712,0.0,3.0,0
1425,18.0,0.0,1.998743646850551e-05,3.0,1.0,0
1426,13.0,1.0,1.2690435853019372e-08,0.0,0.0,0
1427,4.0,1.0,0.0006815144766146993,0.0,4.0,0
1428,7.0,0.0,3.997487293701102e-05,3.0,6.0,0
1429,15.0,0.0,3.567281518283745e-05,9.0,0.0,0
1430,13.0,0.0,6.459431849186861e-06,0.0,46.0,0
1431,15.0,2.0,2.0304697364830996e-05,0.0,3.0,1
1432,43.0,1.0,8.540663329082037e-06,9.0,21.0,0
1433,4.0,0.0,4.530485599527916e-06,9.0,1.0,0
1434,4.0,0.0,7.931522408137107e-06,0.0,4.0,0
1435,28.0,1.0,2.9378358999739847e-05,0.0,17.0,0
1436,39.0,0.0,7.614261511811624e-05,9.0,16.0,0
1437,7.0,0.0,6.852835360630461e-06,0.0,8.0,0
1438,28.0,1.0,3.011440427921497e-05,9.0,0.0,0
1439,9.0,2.0,3.068547389260084e-05,0.0,0.0,1
1440,11.0,0.0,2.1675264436957088e-05,9.0,0.0,0
1441,38.0,0.0,4.7944466652707186e-05,3.0,9.0,0
1442,11.0,0.0,9.010209455643754e-07,0.0,3.0,0
1443,1.0,0.0,1.8147323269817702e-06,9.0,0.0,0
1444,38.0,0.0,0.00011167583550657047,0.0,3.0,0
1445,1.0,1.0,9.781787955507332e-05,0.0,8.0,0
1446,39.0,0.0,9.644731248294723e-06,9.0,9.0,0
1447,0.0,0.0,0.00013451862004200534,3.0,1.0,0
1448,20.0,0.0,1.3718361157113941e-05,0.0,3.0,0
1449,18.0,1.0,4.251296010761489e-06,9.0,0.0,0
1450,8.0,1.0,1.41498359761166e-05,3.0,9.0,0
1451,0.0,1.0,8.045736330814283e-06,0.0,5.0,0
1452,4.0,0.0,4.822365624147361e-05,9.0,30.0,0
1453,38.0,0.0,5.076174341207749e-05,3.0,9.0,0
1454,33.0,2.0,5.076174341207749e-07,9.0,0.0,1
1455,18.0,0.0,0.0,9.0,0.0,0
1456,27.0,0.0,1.899758247197e-05,9.0,16.0,0
1457,0.0,0.0,0.00019670175572180027,9.0,4.0,0
1458,25.0,0.0,1.497471430656286e-05,0.0,3.0,0
1459,13.0,0.0,1.3058458492756933e-05,9.0,0.0,0
1460,22.0,1.0,5.837600492388911e-06,1.0,0.0,0
1461,20.0,0.0,2.284278453543487e-05,3.0,4.0,0
1462,23.0,0.0,1.0152348682415498e-05,0.0,3.0,0
1463,27.0,0.0,4.31728627719719e-05,3.0,1.0,1
1464,2.0,0.0,6.725931002100267e-07,0.0,9.0,0
1465,24.0,0.0,1.1675200984777822e-06,9.0,0.0,0
1466,25.0,0.0,6.1675518245674144e-06,0.0,3.0,0
1467,8.0,0.0,9.835087786090014e-06,1.0,8.0,0
1468,0.0,0.0,1.2690435853019372e-05,0.0,3.0,0
1469,23.0,0.0,1.1510225318688571e-05,9.0,5.0,0
1470,30.0,0.0,4.149772523937334e-06,9.0,16.0,0
1471,31.0,1.0,1.7411277990342578e-05,9.0,0.0,0
1472,15.0,0.0,3.934035114436005e-06,9.0,0.0,0
1473,36.0,0.0,6.125673386252451e-05,0.0,14.0,0
1474,19.0,0.0,7.741165870341817e-07,0.0,3.0,0
1475,20.0,1.0,2.3731115045146225e-06,9.0,0.0,0
1476,20.0,1.0,3.0203237330186107e-06,9.0,0.0,0
1477,35.0,1.0,1.53300465104474e-05,9.0,0.0,0
1478,49.0,0.0,4.492414291968857e-06,9.0,0.0,0
1479,0.0,0.0,2.01777930063008e-06,0.0,3.0,0
1480,29.0,0.0,7.227203218294533e-05,5.0,0.0,0
1481,22.0,0.0,1.1421392267717435e-07,0.0,3.0,0
1482,0.0,0.0,1.090108439774364e-05,0.0,3.0,0
1483,4.0,0.0,1.0152348682415498e-05,0.0,0.0,0
1484,4.0,0.0,2.5380871706038744e-08,9.0,9.0,0
1485,33.0,0.0,0.00010571133065565137,3.0,1.0,0
1486,18.0,0.0,1.214474711133954e-05,0.0,0.0,0
1487,10.0,0.0,6.459431849186861e-06,3.0,9.0,0
1488,0.0,0.0,1.2690435853019372e-05,3.0,16.0,0
1489,4.0,1.0,0.00025715899212558455,9.0,1.0,0
1490,26.0,1.0,1.230972277742879e-06,9.0,0.0,0
1491,47.0,1.0,0.0001228307286213745,9.0,0.0,0
1492,42.0,1.0,0.00035163928705131376,1.0,3.0,0
1493,0.0,1.0,3.7309881407876954e-06,9.0,9.0,0
1494,13.0,0.0,1.840113198687809e-05,9.0,0.0,0
1495,35.0,0.0,1.718285014498823e-05,5.0,0.0,0
1496,37.0,0.0,2.284278453543487e-05,1.0,5.0,0
1497,20.0,0.0,6.0406474660372214e-06,9.0,27.0,0
1498,9.0,0.0,2.5380871706038745e-06,9.0,0.0,0
1499,31.0,2.0,0.0003867029613132063,0.0,3.0,1
1500,23.0,1.0,0.0011508575562027678,9.0,9.0,0
1501,27.0,2.0,6.319837054803647e-06,9.0,0.0,1
1502,9.0,2.0,6.599026643570073e-07,9.0,0.0,1
1503,18.0,0.0,0.006123934796540587,1.0,0.0,0
1504,6.0,0.0,3.172608963254843e-05,0.0,1.0,0
1505,25.0,0.0,5.710696133858717e-05,9.0,5.0,0
1506,23.0,0.0,1.3071148928609954e-06,9.0,0.0,0
1507,32.0,0.0,0.0006545219195553271,0.0,3.0,0
1508,23.0,1.0,7.294462528315536e-05,3.0,1.0,0
1509,0.0,0.0,0.000551539032608075,0.0,16.0,0
1510,30.0,0.0,2.0901147849922906e-05,9.0,1.0,0
1511,39.0,0.0,5.45688741679833e-05,9.0,16.0,0
1512,4.0,0.0,6.649788386982151e-06,3.0,9.0,0
1513,39.0,0.0,1.4835119512179646e-05,9.0,0.0,0
1514,13.0,0.0,4.822365624147361e-06,0.0,0.0,0
1515,31.0,0.0,6.831261619680328e-05,3.0,43.0,0
1516,13.0,0.0,0.00033106809053356937,3.0,43.0,0
1517,8.0,0.0,5.03810303364869e-06,9.0,5.0,0
1518,9.0,0.0,2.928952594876871e-05,1.0,8.0,0
1519,4.0,0.0,2.868038502782378e-06,0.0,30.0,0
1520,20.0,0.0,8.299545047874669e-06,3.0,9.0,0
1521,4.0,1.0,2.3769186352705283e-05,9.0,0.0,0
1522,0.0,0.0,1.903565377952906e-05,3.0,58.0,0
1523,42.0,0.0,7.918831972284088e-06,9.0,0.0,0
1524,23.0,0.0,3.172608963254843e-05,3.0,19.0,0
1525,18.0,0.0,1.903565377952906e-05,0.0,32.0,0
1526,5.0,0.0,3.095197304551425e-05,9.0,5.0,0
1527,30.0,2.0,5.076174341207749e-07,9.0,0.0,1
1528,29.0,2.0,2.7792054518112424e-06,9.0,0.0,1
1529,4.0,2.0,2.444177945291531e-05,9.0,0.0,1
1530,18.0,0.0,4.322362451538398e-05,0.0,3.0,0
1531,39.0,0.0,0.00023981116631450707,3.0,43.0,0
1532,18.0,0.0,1.9035653779529059e-06,3.0,1.0,0
1533,18.0,0.0,4.060939472966199e-07,9.0,5.0,0
1534,24.0,0.0,6.345217926509686e-06,9.0,9.0,0
1535,38.0,1.0,2.746210318593392e-05,9.0,0.0,0
1536,18.0,0.0,7.309691051339158e-06,9.0,0.0,0
1537,22.0,0.0,2.835043369564528e-05,0.0,32.0,0
1538,36.0,0.0,1.2766578468137489e-05,3.0,4.0,0
1539,18.0,0.0,1.878184506246867e-06,0.0,0.0,0
1540,18.0,0.0,1.878184506246867e-06,0.0,0.0,0
1541,21.0,0.0,3.406112982950399e-05,3.0,9.0,0
1542,4.0,2.0,2.4759040349240796e-05,0.0,0.0,1
1543,33.0,0.0,6.027957030184202e-06,1.0,5.0,0
1544,33.0,0.0,0.0002898622453188155,3.0,9.0,0
1545,3.0,0.0,4.577440212184088e-05,9.0,1.0,0
1546,38.0,0.0,2.1561050514279912e-05,3.0,9.0,0
1547,0.0,0.0,0.0002461690746768698,0.0,3.0,0
1548,27.0,0.0,1.2690435853019372e-05,9.0,0.0,0
1549,18.0,0.0,0.0011017074981440238,3.0,1.0,0
1550,35.0,0.0,8.88330509711356e-05,3.0,1.0,0
1551,39.0,1.0,2.667529616304672e-05,9.0,9.0,0
1552,4.0,0.0,1.8908749420998865e-06,0.0,3.0,0
1553,28.0,0.0,5.977195286772124e-06,0.0,30.0,0
1554,25.0,2.0,0.00010798291867334184,0.0,3.0,1
1555,9.0,0.0,4.545714122551539e-05,3.0,19.0,0
1556,15.0,0.0,7.195477128661984e-06,0.0,0.0,0
1557,18.0,0.0,6.345217926509686e-08,3.0,5.0,0
1558,33.0,1.0,1.1548296626247628e-06,9.0,0.0,0
1559,26.0,1.0,5.45688741679833e-06,9.0,0.0,0
1560,4.0,,1.1040679192126854e-05,9.0,9.0,1
1561,5.0,0.0,3.8071307559058118e-06,0.0,29.0,0
1562,5.0,0.0,0.00024462084150280144,3.0,43.0,0
1563,4.0,0.0,4.931503372483328e-05,9.0,16.0,0
1564,9.0,1.0,3.43910811616825e-06,9.0,0.0,0
1565,3.0,0.0,7.132024949396887e-06,0.0,0.0,0
1566,39.0,0.0,0.00019923984289240413,3.0,1.0,0
1567,18.0,2.0,2.5380871706038743e-05,3.0,1.0,1
1568,19.0,0.0,2.9530644229976078e-05,9.0,0.0,0
1569,30.0,0.0,2.22082627427839e-05,3.0,16.0,0
1570,6.0,0.0,8.062233897423207e-05,3.0,1.0,0
1571,0.0,0.0,1.2284341905722751e-05,9.0,0.0,0
1572,39.0,0.0,0.00034128389139525,9.0,0.0,0
1573,27.0,0.0,1.1890938394279152e-05,9.0,0.0,0
1574,28.0,0.0,1.5000095178268897e-05,9.0,9.0,0
1575,33.0,0.0,7.539387940278809e-05,3.0,1.0,0
1576,7.0,0.0,9.89853996535511e-07,9.0,0.0,0
1577,1.0,0.0,0.00038705829351709086,3.0,1.0,0
1578,4.0,1.0,9.035590327349792e-06,5.0,0.0,0
1579,0.0,1.0,1.2690435853019373e-06,1.0,0.0,0
1580,0.0,0.0,2.7538245801052036e-06,9.0,0.0,0
1581,8.0,0.0,0.0001671838019276772,3.0,1.0,0
1582,20.0,0.0,1.9035653779529059e-06,9.0,9.0,0
1583,7.0,0.0,1.903565377952906e-05,5.0,8.0,0
1584,10.0,0.0,4.8134823190502475e-05,3.0,1.0,0
1585,4.0,0.0,2.5380871706038744e-07,9.0,5.0,0
1586,39.0,0.0,0.00021066123516012158,3.0,1.0,0
1587,6.0,0.0,7.6142615118116235e-06,3.0,5.0,0
1588,33.0,0.0,4.441652548556781e-06,9.0,16.0,0
1589,18.0,1.0,1.2423936700105965e-05,9.0,9.0,0
1590,29.0,0.0,1.833767980761299e-05,3.0,1.0,0
1591,4.0,0.0,2.503822993800722e-05,3.0,16.0,0
1592,36.0,0.0,6.951820760284012e-05,9.0,16.0,0
1593,18.0,0.0,2.5380871706038743e-05,0.0,0.0,0
1594,0.0,0.0,1.0482300014594001e-05,9.0,0.0,0
1595,4.0,0.0,1.903565377952906e-05,0.0,3.0,0
1596,33.0,2.0,9.24371347533931e-05,0.0,0.0,1
1597,51.0,2.0,1.496202387070984e-05,9.0,12.0,1
1598,0.0,0.0,2.5000158630448163e-06,9.0,9.0,0
1599,25.0,0.0,8.502592021522979e-05,9.0,21.0,0
1600,15.0,0.0,4.492414291968857e-06,0.0,3.0,0
1601,5.0,0.0,6.243694439685531e-06,9.0,9.0,0
1602,13.0,0.0,4.187843831496393e-07,9.0,9.0,0
1603,11.0,0.0,5.165007392178884e-06,9.0,9.0,0
1604,18.0,0.0,5.799529184829853e-06,9.0,0.0,0
1605,15.0,0.0,0.011194106561589858,3.0,1.0,0
1606,4.0,0.0,6.66247882283517e-06,0.0,8.0,0
1607,6.0,0.0,0.0,0.0,0.0,0
1608,8.0,0.0,6.345217926509686e-06,1.0,8.0,0
1609,4.0,1.0,0.001098598341360034,9.0,5.0,0
1610,4.0,1.0,6.345217926509686e-06,9.0,8.0,0
1611,28.0,0.0,2.208135838425371e-06,9.0,9.0,0
1612,23.0,0.0,0.0001294424457007976,9.0,9.0,0
1613,4.0,0.0,3.0837759122837072e-06,0.0,0.0,0
1614,36.0,0.0,1.878184506246867e-05,3.0,1.0,0
1615,23.0,0.0,0.00022714611133319373,9.0,1.0,0
1616,22.0,0.0,3.3997677650238894e-05,3.0,9.0,0
1617,5.0,1.0,2.9365668563886826e-05,9.0,5.0,0
1618,32.0,0.0,2.62692022157501e-06,0.0,0.0,0
1619,11.0,0.0,4.568556907086974e-06,3.0,31.0,0
1620,25.0,1.0,1.0774180039213447e-05,9.0,1.0,0
1621,26.0,0.0,6.345217926509686e-06,0.0,0.0,0
1622,4.0,0.0,1.1421392267717435e-05,0.0,3.0,0
1623,10.0,0.0,4.23860557490847e-05,9.0,4.0,0
1624,4.0,0.0,1.940367641926662e-05,1.0,0.0,0
1625,5.0,0.0,0.00019959517509628868,3.0,1.0,0
1626,27.0,0.0,3.959415986142044e-06,9.0,0.0,0
1627,23.0,0.0,2.9416430307298905e-05,9.0,16.0,0
1628,5.0,0.0,1.213205667548652e-05,1.0,0.0,0
1629,4.0,0.0,3.515250731286366e-06,9.0,0.0,0
1630,9.0,0.0,6.345217926509686e-06,9.0,59.0,0
1631,4.0,0.0,0.00019670175572180027,3.0,1.0,0
1632,28.0,0.0,1.2690435853019372e-05,3.0,1.0,0
1633,4.0,0.0,6.979739719160655e-05,3.0,4.0,0
1634,33.0,0.0,0.003800785537979302,3.0,1.0,0
1635,23.0,1.0,2.1319932233072546e-06,9.0,0.0,0
1636,4.0,0.0,3.087583043039613e-05,3.0,1.0,0
1637,4.0,0.0,2.2741261048610715e-05,3.0,1.0,0
1638,26.0,0.0,0.0001318663189487243,9.0,4.0,0
1639,19.0,0.0,0.0,3.0,1.0,0
1640,40.0,0.0,0.0008058426766667301,3.0,1.0,0
1641,15.0,0.0,0.00017431582687707408,3.0,1.0,0
1642,39.0,0.0,2.060926782530346e-05,9.0,5.0,0
1643,4.0,0.0,4.7741419679058875e-05,0.0,5.0,0
1644,4.0,0.0,2.2144810563518805e-05,9.0,16.0,0
1645,13.0,0.0,5.076174341207749e-07,9.0,8.0,0
1646,13.0,0.0,6.243694439685531e-06,9.0,9.0,0
1647,31.0,0.0,1.8654940703938477e-06,5.0,0.0,0
1648,18.0,0.0,3.172608963254843e-05,3.0,1.0,0
1649,7.0,0.0,3.8071307559058118e-06,0.0,16.0,0
1650,34.0,0.0,3.172608963254843e-05,0.0,4.0,0
1651,18.0,0.0,7.977207977207978e-05,1.0,0.0,0
1652,4.0,0.0,9.529248282032247e-05,9.0,1.0,0
1653,35.0,1.0,3.83885684553836e-05,9.0,9.0,0
1654,36.0,1.0,5.583791775328523e-07,9.0,1.0,0
1655,4.0,1.0,3.228446881008128e-05,9.0,1.0,0
1656,4.0,1.0,4.989879377407217e-05,9.0,1.0,0
1657,0.0,2.0,9.327470351969238e-06,0.0,5.0,1
1658,0.0,0.0,4.936579546824535e-06,5.0,0.0,0
1659,25.0,0.0,1.0774180039213447e-05,0.0,3.0,0
1660,40.0,2.0,1.903565377952906e-05,1.0,3.0,1
1661,5.0,0.0,4.695461265617168e-07,9.0,8.0,0
1662,18.0,0.0,8.88330509711356e-05,9.0,4.0,0
1663,15.0,0.0,6.967049283307635e-06,3.0,5.0,0
1664,35.0,1.0,1.2157437547192558e-05,0.0,0.0,0
1665,18.0,1.0,2.9188002461944557e-05,9.0,9.0,0
1666,29.0,1.0,1.9111796394647173e-05,1.0,8.0,0
1667,0.0,0.0,4.708151701470187e-05,0.0,8.0,0
1668,20.0,0.0,1.7487420605460695e-05,0.0,12.0,0
1669,10.0,0.0,1.5799592637009117e-05,9.0,12.0,0
1670,33.0,0.0,2.9188002461944556e-06,9.0,8.0,0
1671,20.0,0.0,5.241150007297001e-06,0.0,8.0,0
1672,45.0,1.0,9.51782688976453e-05,3.0,5.0,0
1673,5.0,0.0,5.583791775328523e-07,0.0,16.0,0
1674,16.0,0.0,1.5989949174804408e-06,0.0,0.0,0
1675,33.0,0.0,4.022868165407141e-06,3.0,60.0,0
1676,0.0,0.0,7.994974587402204e-05,9.0,5.0,0
1677,13.0,1.0,6.345217926509686e-06,3.0,1.0,0
1678,18.0,0.0,6.47212228503988e-05,5.0,0.0,0
1679,0.0,0.0,7.06857277013179e-06,0.0,0.0,0
1680,4.0,0.0,0.009499006973394501,3.0,9.0,0
1681,26.0,1.0,6.8782162323365e-06,3.0,1.0,0
1682,33.0,0.0,9.390922531234336e-07,0.0,61.0,0
1683,23.0,1.0,0.004835106821743792,3.0,35.0,0
1684,35.0,1.0,2.3946852454647555e-05,3.0,1.0,0
1685,4.0,0.0,1.920062944561831e-05,0.0,0.0,0
1686,29.0,1.0,2.4632135990710603e-05,3.0,1.0,0
1687,6.0,0.0,0.00016053401354069506,3.0,1.0,0
1688,28.0,0.0,4.086320344672238e-06,0.0,5.0,0
1689,11.0,0.0,1.2690435853019373e-06,1.0,8.0,0
1690,25.0,0.0,7.48735715328143e-06,9.0,16.0,0
1691,33.0,0.0,7.944212843990128e-06,9.0,34.0,0
1692,11.0,0.0,8.185331125197495e-06,9.0,9.0,0
1693,0.0,0.0,0.0009454374710499432,9.0,4.0,0
1694,27.0,0.0,9.644731248294722e-07,1.0,8.0,0
1695,4.0,0.0,2.1573740950132934e-06,1.0,0.0,0
1696,4.0,0.0,8.756400738583366e-07,3.0,9.0,0
1697,18.0,1.0,0.0003084918051510479,3.0,1.0,0
1698,13.0,0.0,5.076174341207749e-05,9.0,0.0,0
1699,15.0,0.0,0.0,9.0,9.0,0
1700,18.0,0.0,1.9035653779529059e-06,1.0,0.0,0
1701,29.0,0.0,3.5025602954333465e-06,5.0,0.0,0
1702,44.0,0.0,8.813507699921954e-05,0.0,16.0,0
1703,6.0,0.0,2.3731115045146225e-06,9.0,0.0,0
1704,16.0,0.0,2.8426576310763393e-06,0.0,0.0,0
1705,7.0,0.0,2.8122005850290927e-05,9.0,16.0,0
1706,0.0,0.0,1.1637129677218764e-05,9.0,9.0,0
1707,30.0,1.0,1.0406157399475886e-05,9.0,0.0,0
1708,26.0,0.0,5.9264335433600465e-06,9.0,0.0,0
1709,28.0,0.0,1.65737092240433e-05,9.0,9.0,0
1710,44.0,0.0,1.4086383796851503e-06,5.0,0.0,0
1711,37.0,0.0,3.133268612110483e-05,9.0,9.0,0
1712,0.0,0.0,4.3401290617326255e-06,3.0,43.0,0
1713,18.0,0.0,4.568556907086974e-06,9.0,9.0,0
1714,15.0,0.0,2.5380871706038743e-05,1.0,0.0,0
1715,4.0,0.0,0.0001840113198687809,0.0,62.0,0
1716,25.0,0.0,4.822365624147361e-05,3.0,1.0,0
1717,25.0,0.0,4.822365624147361e-05,3.0,1.0,0
1718,0.0,1.0,1.7030564914751995e-05,5.0,0.0,0
1719,18.0,0.0,3.934035114436005e-07,1.0,8.0,0
1720,18.0,1.0,9.060971199055832e-06,9.0,0.0,0
