Name_of_Covered_Entity,State,Business_Associate_Involved,Individuals_Affected,Type_of_Breach,Location_of_Breached_Information
0,0,0,0.0001020512297173181,0,0
1,1,0,0.0001020512297173181,0,1
2,2,0,2.041024594346362e-07,0,2
3,3,0,0.0006735381161342994,1,3
4,4,0,0.0009709153995305644,0,4
5,4,0,7.286457801816512e-05,0,4
6,4,0,0.0011521583835085213,0,4
7,4,0,9.225431166445556e-05,0,4
8,4,0,0.0009523420757220124,0,4
9,4,0,0.0011021532809470354,0,3
10,5,0,9.041738952954383e-05,0,3
11,6,0,0.0012042045106643534,0,3
12,7,1,0.016838452903357486,2,0
13,4,0,1.9593836105725074e-05,0,5
14,8,1,0.0003061536891519543,3,6
15,9,0,0.0019389733646290438,0,7
16,9,0,2.9798959077456882e-05,0,8
17,4,0,2.245127053780998e-05,2,9
18,10,0,0.0002775793448311052,0,10
19,10,0,0.00011756301663435044,0,5
20,3,1,0.000591897132360445,0,0
21,3,1,0.0029594856618022245,0,0
22,4,0,0.0030615368915195428,0,2
23,11,1,0.0004208592713542198,0,5
24,9,0,0.0019389733646290438,0,5
25,0,0,0.0006735381161342994,1,2
26,0,0,8.164098377385448e-05,0,3
27,1,0,0.0017979385651597103,0,4
28,11,0,6.367996734360649e-05,0,3
29,0,0,3.857536483314624e-05,0,5
30,4,0,0.0013878967241555261,0,3
31,11,0,0.00016328196754770896,0,11
32,12,1,0.0010613327890601082,0,5
33,13,0,0.0009394836207776303,0,0
34,14,0,0.0001224614756607817,0,3
35,15,1,5.714868864169813e-06,2,0
36,16,1,0.0002871721604245331,0,0
37,16,1,2.14307582406368e-05,0,0
38,17,0,0.0015307684457597714,0,4
39,6,0,0.0006939483620777631,0,0
40,4,0,6.531278701908358e-06,2,4
41,18,0,0.00028574344320849067,2,4
42,4,0,0.0006123073783039086,0,1
43,19,0,0.0004082049188692724,0,5
44,17,0,0.002465557709970405,0,3
45,19,0,0.0017395652617614042,4,1
46,20,0,0.0018369221349117256,0,3
47,8,0,1.1021532809470353e-05,0,0
48,7,0,2.5512807429329525e-05,0,3
49,0,0,0.0041841004184100415,0,2
50,17,0,0.0006735381161342994,2,0
51,21,0,0.0009347892642106337,0,3
52,17,0,0.00042861516481273597,0,3
53,22,0,9.327482396162873e-05,3,1
54,23,0,0.0004010613327890601,0,3
55,0,1,5.46994591284825e-05,4,9
56,14,0,0.00046392489029492806,0,7
57,5,0,0.0015307684457597714,5,0
58,9,0,0.017031329727523217,2,5
59,11,0,0.001285845494438208,1,0
60,4,0,0.001010307174201449,0,3
61,24,1,3.265639350954179e-05,2,0
62,0,0,9.286661904275946e-05,0,3
63,7,0,0.07022737013981019,0,5
64,20,0,2.041024594346362e-05,2,5
65,22,0,0.010953158485559751,0,3
66,10,0,0.0006314930094907644,0,3
67,15,0,0.002347178283498316,0,0
68,25,0,0.00047964077967139503,6,0
69,4,0,0.0043906521073578935,0,4
70,26,0,0.000948668231452189,0,2
71,6,1,0.0002804367792631901,1,5
72,27,0,4.79640779671395e-05,0,11
73,0,0,0.00018981528727421166,7,0
74,28,0,0.0,0,8
75,11,1,0.03665904684151444,0,2
76,19,0,3.041126645576079e-05,0,0
77,17,0,1.387896724155526e-05,1,0
78,0,0,0.0007551790999081539,0,3
79,3,0,0.0003910603122767629,8,12
80,4,0,0.008062047147668129,0,1
81,4,0,1.7144606592509438e-05,0,4
82,3,1,3.1839983671803244e-05,0,3
83,18,1,0.0018573323808551893,0,3
84,25,0,3.1227676293499336e-05,0,3
85,7,0,0.0004343300336769058,2,0
86,24,1,6.123073783039085e-05,0,3
87,8,0,0.0009633636085314828,1,5
88,0,0,0.0007312991121543015,6,0
89,11,0,0.0001020512297173181,0,3
90,29,0,0.01234779059087662,0,3
91,30,0,0.00012348198795795489,0,3
92,17,0,0.24890294928053883,0,3
93,27,0,0.00322298193693234,2,0
94,7,1,0.02653229921420553,0,5
95,9,0,0.00036738442698234516,0,3
96,26,0,4.245331156240433e-05,3,1
97,6,0,0.00025410756199612206,1,3
98,6,1,0.0020440861312378813,0,3
99,29,0,0.00010225533217675273,2,9
100,7,0,0.00010613327890601082,0,13
101,0,0,2.041024594346362e-05,0,1
102,31,1,0.0027553832023675885,1,5
103,13,0,0.0014340238799877539,0,1
104,32,1,8.919277477293602e-05,2,9
105,14,0,0.001100724563730993,0,3
106,4,0,0.0001020512297173181,2,0
107,6,0,0.00021165425043371774,2,14
108,4,1,0.005816920093887131,9,2
109,7,0,6.123073783039085e-05,0,2
110,7,0,0.00042106337381365446,0,7
111,17,0,0.0003157465047453822,2,0
112,18,0,0.0006796611899173385,0,3
113,19,1,0.02142463516685376,0,4
114,28,0,3.449331564445352e-05,0,7
115,8,0,0.0025512807429329525,0,15
116,11,1,0.0001218491682824778,2,0
117,10,1,0.16317991631799164,1,10
118,7,0,0.0033309521379732625,0,4
119,3,0,8.164098377385448e-06,0,3
120,7,0,0.004745994489233595,0,4
121,29,0,0.00014287172160424533,6,0
122,0,0,0.005408715175017859,3,1
123,22,0,0.0011984896418001836,6,0
124,0,0,0.0013007449739769364,0,4
125,26,1,0.0004349423410552097,2,0
126,33,0,0.0063679967343606494,3,1
127,8,0,0.00022247168078375345,0,0
128,9,1,0.00011695070925604654,1,5
129,0,0,3.959587713031942e-05,0,3
130,0,0,0.00023390141851209307,0,3
131,29,0,0.00016511888968262067,2,3
132,5,0,1.2246147566078171e-05,2,5
133,29,0,0.002728237575262782,0,3
134,0,0,0.005000510256148586,0,1
135,11,0,3.2044086131237884e-05,5,0
136,10,1,0.00223288090621492,2,2
137,26,0,0.0003243188080416369,0,3
138,1,0,0.0002871721604245331,6,0
139,5,0,0.0041841004184100415,0,3
140,8,0,0.00036738442698234516,3,4
141,34,1,0.001020512297173181,1,5
142,4,0,0.0019593836105725074,0,4
143,21,0,0.00044861720583733037,0,4
144,6,0,0.00024716807837534444,1,2
145,22,0,0.0001020512297173181,0,3
146,26,0,0.00031166445555668945,0,3
147,11,0,0.0013431982855393407,0,3
148,35,0,0.0007813042147157873,0,16
149,18,0,0.0001020512297173181,0,2
150,10,1,0.004949484641289928,6,0
151,36,1,9.30707215021941e-05,0,2
152,36,1,0.0006388406980304113,0,7
153,7,0,0.00014287172160424533,1,2
154,7,0,7.286457801816512e-05,1,7
155,37,1,0.004519236656801715,2,1
156,28,0,0.00045698540667415044,0,3
157,27,0,0.0002530870496989489,10,17
158,13,0,1.4287172160424532e-06,0,0
159,15,0,0.00017573221757322176,0,0
160,38,0,0.0038212062455352585,1,7
161,33,0,0.0003061536891519543,0,8
162,4,0,0.006633329931625676,0,0
163,30,0,0.00014287172160424533,0,18
164,27,1,0.00015715889376466987,2,0
165,7,0,0.0017348709051944076,0,4
166,29,0,0.0003312582916624145,6,0
167,2,1,0.0003061536891519543,0,2
168,33,0,0.0001426676191448107,0,3
169,10,0,0.003979997958975406,6,0
170,4,1,0.00019879579548933565,0,2
171,4,1,0.00019879579548933565,0,2
172,7,0,0.001285845494438208,0,1
173,11,0,9.53158485559751e-05,6,0
174,39,0,0.0038167159914276965,3,4
175,4,0,8.735585263802429e-05,0,4
176,10,1,0.00214307582406368,6,0
177,7,0,1.5919991835901622e-05,0,3
178,0,0,0.0008572303296254719,0,19
179,26,0,0.00034697418103888153,0,0
180,32,0,3.918767221145015e-05,2,5
181,0,0,1.7348709051944075e-05,0,3
182,12,1,0.00016287376262883967,2,14
183,21,0,0.0018354934176956833,3,1
184,40,0,0.0001020512297173181,0,2
185,6,0,0.20873742218593733,0,5
186,4,0,4.408613123788141e-05,1,0
187,16,1,0.09684661700173487,11,1
188,22,0,0.0003765690376569038,10,1
189,41,0,0.00012327788549852024,0,4
190,16,1,0.023369731605265842,10,2
191,22,0,0.002347178283498316,0,3
192,24,0,0.00021430758240636799,0,4
193,7,0,7.1435860802122665e-06,0,3
194,33,0,7.041534850494949e-05,10,0
195,1,0,0.00018369221349117258,0,3
196,9,0,0.0006531278701908358,0,3
197,17,0,0.0002041024594346362,0,0
198,36,1,0.00025390345953668744,0,1
199,4,0,5.531176650678641e-05,10,0
200,39,0,0.0002959485661802225,12,0
201,5,0,2.306357791611389e-05,0,4
202,7,0,8.572303296254719e-06,0,4
203,6,0,0.0015715889376466986,6,0
204,42,1,0.0018318195734258597,10,0
205,0,0,6.123073783039085e-05,0,4
206,16,0,0.0001020512297173181,13,8
207,5,1,0.00011939993876926217,10,1
208,32,0,0.0001020512297173181,3,20
209,11,0,1.1429737728339626e-05,0,4
210,20,0,0.0005690376569037656,0,3
211,29,0,0.0001020512297173181,6,0
212,4,0,0.00015307684457597714,0,2
213,20,1,1.7348709051944075e-05,10,5
214,33,1,5.24543320747015e-05,0,3
215,27,0,0.0005427084396366976,0,3
216,5,0,0.0004955607715072967,10,9
217,26,0,0.004918869272374732,5,2
218,32,1,6.123073783039085e-05,0,0
219,23,0,0.0003061536891519543,0,2
220,5,0,6.286355750586795e-05,1,2
221,17,0,0.03173793244208593,0,1
222,29,0,2.041024594346362e-07,0,8
223,43,0,0.04712725788345749,3,1
224,17,0,0.00034697418103888153,0,3
225,28,0,0.0023435044392284927,0,3
226,33,0,0.00027513011531788957,3,21
227,0,0,0.0019230533727931421,5,2
228,21,0,0.00015307684457597714,0,4
229,25,0,0.001040106133278906,3,4
230,9,0,3.1839983671803244e-05,0,8
231,25,1,0.003204408613123788,1,2
232,6,1,0.0008776405755689356,0,5
233,21,0,0.0023490152056332278,0,2
234,0,0,0.0008135524033064599,0,3
235,0,0,0.0015799571384835188,0,2
236,6,0,0.0,0,4
237,19,0,9.388713133993264e-06,0,0
238,26,1,0.0037495662822737016,3,1
239,44,0,0.007449739769364221,5,3
240,21,0,0.0005306663945300541,0,0
241,1,0,6.123073783039085e-05,3,4
242,7,1,0.3468721298091642,0,22
243,4,0,0.00035717930401061334,10,5
244,11,1,0.0004490254107561996,0,2
245,45,1,0.0006439432595162772,10,1
246,14,0,0.0003655475048474334,1,2
247,16,0,0.00043290131646086334,14,4
248,9,0,0.0004647413001326666,1,2
249,7,0,0.0,0,0
250,19,0,0.0008164098377385448,10,0
251,17,0,0.001401367486478212,14,5
252,10,0,9.021328707010919e-05,10,4
253,26,0,0.001703235023982039,0,3
254,39,0,2.041024594346362e-05,1,23
255,1,1,5.408715175017859e-05,10,0
256,0,0,3.1431778752933976e-05,14,17
257,7,0,3.469741810388815e-05,0,4
258,23,0,0.004131850188794775,0,24
259,45,0,0.0001979793856515971,10,0
260,4,0,3.408511072558424e-05,0,3
261,4,0,0.10487396673129912,0,4
262,2,1,0.0002449229513215634,0,3
263,14,0,2.7553832023675887e-05,0,2
264,14,0,0.0019389733646290438,0,2
265,22,1,0.018981528727421166,1,5
266,39,0,0.01704255536279212,0,1
267,1,0,8.878456985406673e-05,10,5
268,39,0,0.027031329727523215,0,18
269,25,0,0.0004524951525665884,6,0
270,4,1,0.3876926216960914,14,5
271,14,0,1.3470762322685988e-05,0,0
272,27,0,0.0001459332584957649,1,0
273,20,1,3.571793040106133e-05,10,5
274,19,0,0.0029594856618022245,3,4
275,8,0,0.001122563526890499,3,1
276,11,0,7.041534850494949e-05,3,13
277,11,0,3.796305745484233e-05,3,13
278,14,0,0.0018150831717522195,3,13
279,11,0,6.531278701908358e-06,3,13
280,11,0,0.00011633840187774263,3,13
281,29,0,0.0,6,5
282,43,0,0.0011143994285131135,0,3
283,0,0,0.0002041024594346362,0,3
284,10,0,1.285845494438208e-05,0,3
285,33,0,0.004388406980304112,0,3
286,1,0,7.143586080212267e-05,10,5
287,5,0,0.00018124298397795695,0,0
288,16,0,0.006508827431370548,0,4
289,16,0,0.004870088784569854,0,4
290,14,0,3.1431778752933976e-05,15,0
291,17,0,0.0015307684457597714,0,11
292,4,0,2.4492295132156343e-05,0,3
293,0,0,0.00010837840595979181,6,5
294,7,1,1.020512297173181e-05,0,0
295,7,0,1.020512297173181e-05,0,0
296,32,1,0.0026353709562200226,10,0
297,16,0,0.001123788141647107,0,0
298,9,1,0.002222063475864884,11,1
299,25,0,0.08153893254413716,0,4
300,26,0,0.0003032962547198694,5,2
301,21,0,0.0004490254107561996,14,0
302,35,1,0.003367690580671497,0,2
303,8,0,0.00015573017654862742,14,9
304,14,0,0.0003061536891519543,7,0
305,25,0,0.00015919991835901623,0,2
306,4,1,0.00014123890192876824,1,0
307,31,0,7.83753444229003e-05,0,3
308,45,0,9.184610674558629e-05,10,0
309,4,0,0.0030976630268394734,0,4
310,21,0,0.00012348198795795489,1,2
311,17,0,0.0006047555873048271,10,5
312,6,0,6.327176242473722e-05,0,3
313,6,0,4.184100418410042e-05,0,3
314,1,0,0.00016083273803449332,14,0
315,14,0,0.03568731503214614,10,0
316,29,1,0.015826512909480558,0,3
317,42,0,0.0003061536891519543,0,25
318,4,0,3.959587713031942e-05,10,0
319,19,1,0.0006304724971935912,1,5
320,4,0,0.0019777528319216246,0,20
321,17,0,0.00021675681191958362,10,22
322,7,0,4.326972140014287e-05,0,3
323,23,0,7.755893458516175e-05,10,0
324,9,1,0.0009184610674558628,3,1
325,16,0,0.0004694356566996632,0,4
326,31,0,0.0014287172160424534,0,0
327,10,0,0.00031043984080008166,3,1
328,31,1,0.0050678640677620165,10,1
329,28,0,4.082049188692724e-05,6,0
330,4,1,0.0008313093172772732,10,0
331,6,1,0.00017920195938361057,10,0
332,11,0,2.041024594346362e-07,0,0
333,26,0,0.0006335340340851108,0,3
334,0,0,0.00027962036942545156,0,3
335,35,0,0.00014287172160424533,0,4
336,4,0,0.0002041024594346362,10,0
337,10,0,2.8166139401979795e-05,0,7
338,33,1,1.2246147566078171e-06,3,1
339,36,1,0.001212980916420043,0,2
340,36,1,0.0016930299010103071,0,2
341,36,1,0.0029625471986937445,0,2
342,36,1,0.001159097867129299,0,2
343,21,0,0.0007041534850494948,10,0
344,37,0,9.143790182671701e-05,1,2
345,32,1,0.0003998367180324523,3,1
346,31,0,0.012843147259924482,0,2
347,36,1,0.0012827839575466884,0,2
348,36,1,0.0013164608633534035,0,2
349,16,1,0.0010915399530564344,0,5
350,0,1,0.0020093887131339932,0,3
351,11,0,6.42922747219104e-05,10,3
352,11,1,0.006430860291866517,0,2
353,26,0,0.00019022349219308091,0,26
354,5,1,0.0005102561485865905,15,27
355,11,0,0.0003061536891519543,0,20
356,4,1,0.003908766200632718,10,5
357,4,0,0.00026533319726502704,0,0
358,40,0,0.0005339320338810082,3,1
359,33,0,0.00031819573425859784,0,2
360,0,0,0.00024410654148382488,0,3
361,20,1,0.0005102561485865905,3,4
362,16,0,0.0003061536891519543,0,0
363,0,0,0.0004165731197060925,0,0
364,31,0,7.408919277477294e-05,0,3
365,41,0,0.00026472088988672315,0,0
366,0,0,0.00016328196754770896,11,1
367,21,0,0.0003810592917644658,0,8
368,5,1,0.0007143586080212267,1,2
369,11,0,3.6738442698234514e-06,1,0
370,0,0,0.00015491376671088885,0,3
371,5,1,1.4287172160424532e-06,15,18
372,7,0,0.00042861516481273597,0,0
373,5,1,1.612409429533626e-05,15,0
374,6,0,4.714766812940096e-05,0,0
375,16,0,0.0003488111031737932,0,5
376,6,1,3.8779467292580874e-05,0,2
377,24,1,0.00023083988162057352,1,2
378,24,1,4.184100418410042e-05,0,2
379,9,0,4.082049188692724e-06,0,4
380,33,0,0.0005645474027962037,0,3
381,10,0,0.00034697418103888153,0,2
382,17,0,0.2153258495764874,1,5
383,4,1,4.082049188692724e-05,15,0
384,27,0,0.00042861516481273597,0,28
385,27,1,0.0012648229411164405,0,3
386,10,0,2.0206143484028982e-05,0,3
387,27,1,0.0007131339932646188,0,5
388,32,0,0.0002041024594346362,0,0
389,18,0,0.00021165425043371774,0,0
390,17,0,0.002507194611695071,10,17
391,5,0,0.000540871517501786,0,5
392,5,0,0.0,0,5
393,10,0,0.0029084600469435657,0,4
394,40,0,0.00019838759057046637,1,5
395,1,1,0.0013387080314317787,1,5
396,0,1,0.0012597203796305746,5,4
397,33,0,5.24543320747015e-05,10,1
398,17,0,0.00034697418103888153,0,0
399,3,0,0.00020940912337993672,1,2
400,7,0,8.715175017858965e-05,0,3
401,9,1,0.0001224614756607817,0,0
402,8,0,1.0409225431166445e-05,14,0
403,29,1,0.00012021634860700072,0,4
404,29,1,9.102969690784774e-05,0,4
405,17,0,0.0004898459026431268,0,1
406,0,0,1.3674864782120625e-05,0,2
407,5,0,0.011123584039187673,6,1
408,32,0,0.0009184610674558628,0,11
409,28,1,1.0,1,5
410,4,0,0.0004614756607817124,0,2
411,45,0,0.0024620879681600165,5,3
412,30,1,0.0015868966221042964,16,5
413,23,0,0.19245514848453923,0,4
414,46,0,3.061536891519543e-05,0,3
415,0,0,0.00040085723032962545,10,29
416,26,0,7.715072966629248e-05,1,7
417,6,0,0.00025921012348198793,10,0
418,17,0,5.551586896622104e-05,1,5
419,33,0,0.0020828655985304623,0,5
420,5,0,0.0004898459026431268,2,0
421,11,1,0.001372793142157363,10,1
422,11,1,0.0003061536891519543,6,0
423,24,0,2.2655372997244618e-05,0,0
424,31,0,0.003367690580671497,0,3
425,21,0,0.0008558016124094295,0,5
426,4,0,0.0021596081232778857,2,0
427,6,0,0.00034391264414736195,0,30
428,21,0,0.0014452495152566588,0,3
429,0,0,7.551790999081538e-05,0,3
430,10,0,0.0005078069190733749,0,3
431,17,0,0.00023879987753852434,0,20
432,8,1,0.010103071742014491,16,21
433,5,0,0.00016328196754770896,0,3
434,33,1,0.0004490254107561996,10,5
435,9,1,0.0002449229513215634,2,0
436,43,0,5.531176650678641e-05,0,0
437,30,0,0.0014811715481171548,0,3
438,4,0,0.002274926012858455,2,0
439,39,0,7.021124604551485e-05,1,5
440,28,1,0.00019267272170629657,16,0
441,7,0,1.0001020512297173e-05,0,3
442,33,0,0.0001883865700581692,15,0
443,21,0,0.0005306663945300541,0,4
444,19,0,0.0005510766404735177,16,9
445,17,0,0.00014674966833350342,0,7
446,27,0,0.0012609449943871824,2,0
447,8,0,0.0003061536891519543,0,3
448,27,1,0.0027553832023675885,0,3
449,4,0,0.00017675272987039493,2,0
450,9,1,0.0002449229513215634,2,5
451,36,0,0.00016062863557505868,0,0
452,20,0,4.0412286968057964e-05,0,3
453,33,0,3.265639350954179e-05,3,5
454,3,0,0.00021410347994693337,10,0
455,4,0,4.143279926523115e-05,2,5
456,42,0,0.0003241147055822023,1,7
457,35,1,0.00036738442698234516,15,3
458,5,0,4.653536075109705e-05,0,3
459,18,1,0.0013266659863251352,0,3
460,31,1,2.6941524645371975e-05,10,5
461,16,1,0.0014707623226859884,0,3
462,32,0,0.0020369425451576694,0,1
463,0,1,0.0004202469639759159,0,5
464,2,0,0.00045780181651188895,10,4
465,26,0,0.00013919787733442188,2,0
466,33,0,0.003979997958975406,0,3
467,16,1,0.0011213389121338911,0,3
468,16,1,0.0019389733646290438,0,30
469,16,1,0.000846004694356567,0,3
470,16,1,0.0054287172160424535,0,3
471,4,0,0.0001900193897336463,0,0
472,7,0,1.5715889376466988e-05,0,3
473,16,1,0.0015150525563833045,0,3
474,4,0,7.653842228798857e-05,0,0
475,16,1,0.0014503520767425247,0,30
476,31,0,2.6533319726502706e-06,0,3
477,0,0,0.00030043882028778446,0,7
478,11,0,5.102561485865905e-05,2,1
479,10,1,0.0006086335340340851,2,0
480,8,0,0.00017756913970813347,10,5
481,4,0,4.326972140014287e-05,0,0
482,27,0,0.0006198591693029901,10,5
483,7,0,2.898254923971834e-05,10,9
484,0,0,4.082049188692724e-07,0,0
485,9,0,0.00014879069292784977,10,9
486,10,0,0.0012921726706806816,1,0
487,14,0,0.001850188794774977,1,7
488,4,0,0.0001020512297173181,10,9
489,0,1,1.122563526890499e-05,10,0
490,4,1,0.0003061536891519543,0,5
491,12,1,0.1590978671292989,3,1
492,33,0,0.0001020512297173181,6,0
493,7,0,0.001274619859169303,0,20
494,17,0,0.0018363098275334217,2,5
495,21,0,0.0003265639350954179,0,31
496,0,0,0.0001020512297173181,6,0
497,31,0,0.06419022349219308,17,5
498,35,0,0.004166751709358098,0,4
499,4,0,0.0007959995917950812,0,4
500,40,0,0.0013513623839167262,10,5
501,17,0,5.102561485865905e-05,0,0
502,25,0,0.0465220940912338,10,9
503,35,0,1.020512297173181e-05,0,0
504,4,0,9.409123379936728e-05,0,1
505,14,0,0.008470252066537402,11,1
506,0,0,5.102561485865905e-05,0,0
507,9,0,0.0005102561485865905,3,1
508,21,0,0.0002239003979997959,0,1
509,23,0,0.00023573834064700478,6,0
510,0,0,0.0013266659863251352,11,1
511,45,0,0.0004908664149403001,0,0
512,38,0,0.0005102561485865905,6,0
513,1,0,0.00012940095928155935,10,9
514,27,0,0.0007143586080212267,0,3
515,4,0,0.0006939483620777631,1,7
516,27,1,2.510460251046025e-05,0,3
517,42,0,0.003367690580671497,5,3
518,27,0,0.003796305745484233,10,5
519,4,0,0.00028574344320849067,0,5
520,8,0,1.857332380855189e-05,10,5
521,17,0,0.00013001326665986325,5,3
522,24,0,0.0005102561485865905,0,3
523,10,0,0.00033860598020206146,0,3
524,29,1,0.0029594856618022245,10,5
525,4,0,5.000510256148587e-05,0,0
526,31,0,0.0025384222879885703,0,29
527,22,0,8.674354525972038e-05,0,4
528,0,0,0.0010613327890601082,18,3
529,0,0,0.0,0,5
530,21,0,5.2250229615266867e-05,0,32
531,6,0,0.000122869680579651,1,0
532,31,0,6.612919685682212e-05,1,7
533,33,1,0.00019267272170629657,0,3
534,17,0,0.0004198387590570466,0,7
535,35,0,0.0021708337585467905,0,4
536,7,0,1.387896724155526e-05,0,33
537,17,0,0.0001855291356260843,0,0
538,26,0,0.0008143688131441983,0,3
539,26,0,6.612919685682212e-05,0,3
540,44,0,4.245331156240433e-05,0,30
541,8,0,0.0019293805490356159,10,4
542,0,0,1.7348709051944075e-05,0,3
543,0,0,0.0004004490254107562,10,17
544,11,0,0.0002041024594346362,0,0
545,4,1,0.00041494030003061535,19,7
546,4,1,0.00012491070517399734,20,7
547,38,0,0.00016287376262883967,0,0
548,35,0,0.0007866108786610879,21,1
549,8,0,0.0004933156444535156,1,7
550,10,0,0.0006939483620777631,0,3
551,7,0,0.0016303704459638738,0,4
552,33,1,1.020512297173181e-05,3,5
553,11,0,0.0013403408511072558,2,1
554,33,0,0.00020491886927237474,0,5
555,14,0,0.0008776405755689356,0,1
556,11,0,0.0007574242269619348,0,30
557,11,0,0.00015103581998163077,0,0
558,22,1,0.0014207572201245025,0,3
559,22,1,0.000325951627717114,0,3
560,33,1,1.020512297173181e-06,3,5
561,35,0,4.122869680579651e-05,0,5
562,4,0,0.00036738442698234516,0,4
563,33,1,7.959995917950811e-05,3,5
564,0,0,0.00048474334115726096,0,29
565,3,1,0.013491376671088887,0,3
566,4,0,2.1022553321767528e-05,0,4
567,17,0,0.021460557199714257,0,17
568,5,0,0.0005476068986631289,0,3
569,0,0,0.00036003673844269826,1,7
570,11,0,5.184202469639759e-05,16,0
571,17,0,0.0,0,3
572,33,0,0.011123584039187673,0,7
573,31,0,0.0007143586080212267,0,3
574,13,0,6.123073783039085e-05,11,1
575,21,0,9.021328707010919e-05,0,3
576,17,0,0.0131331768547811,16,0
577,18,0,0.0003806510868455965,3,1
578,28,0,0.000892540055107664,0,7
579,40,1,0.0010639861210327585,1,7
580,22,0,0.001087253801408307,0,30
581,7,0,0.0025512807429329525,0,3
582,4,0,0.0005165833248290642,0,4
583,26,0,0.0004082049188692724,10,9
584,1,1,0.0025663843249311155,6,0
585,4,0,0.01330748035513828,0,3
586,26,0,0.0003828962138993775,1,7
587,17,0,0.0025512807429329525,13,1
588,6,0,0.005571793040106133,0,3
589,4,0,0.023677109909174404,0,3
590,31,0,0.0006000612307378304,0,5
591,4,0,9.796918052862537e-05,0,4
592,36,0,2.8166139401979795e-05,0,0
593,33,0,0.0004898459026431268,3,1
594,5,0,0.00042861516481273597,11,34
595,15,0,9.286661904275946e-05,0,0
596,29,0,0.0,6,0
597,7,1,0.00010552097152770691,0,1
598,11,1,1.6328196754770896e-06,0,0
599,17,0,0.00042045106643535056,0,17
600,42,0,0.00199428513113583,15,17
601,15,0,0.002756199612205327,1,5
602,19,0,0.0011760383712623736,1,0
603,0,0,0.0010711297071129707,1,7
604,4,0,0.0035717930401061334,2,5
605,47,0,3.55138279416267e-05,3,4
606,22,0,0.0028596795591386876,0,7
607,18,0,8.164098377385448e-06,0,3
608,10,0,2.347178283498316e-05,0,4
609,33,1,0.0004235126033268701,2,5
610,31,0,0.00016450658230431677,0,0
611,22,0,0.0002549239718338606,0,4
612,17,0,0.0019389733646290438,0,4
613,29,0,2.306357791611389e-05,0,3
614,17,1,4.388202877844678e-05,0,4
615,26,1,0.00021389937748749873,0,4
616,11,1,0.0,10,1
617,8,0,0.0001224614756607817,6,0
618,4,0,0.00017756913970813347,10,0
619,17,1,8.388611082763547e-05,0,4
620,6,1,5.5924073885090315e-05,0,4
621,4,1,0.0002041024594346362,15,4
622,15,0,3.7350750076538424e-05,0,3
623,31,1,8.327380344933156e-05,0,4
624,28,0,0.0002747219103990203,1,7
625,17,1,9.164200428615165e-05,0,4
626,8,0,0.0010409225431166447,3,9
627,17,0,0.0008994795387284416,0,0
628,0,0,0.0012452291050107154,10,35
629,10,1,0.00016042453311562404,0,4
630,7,0,0.0009039697928360037,0,4
631,40,1,6.347586488417186e-05,2,0
632,40,1,0.001334625982243086,2,0
633,40,0,0.00048229411164404533,2,0
634,9,1,0.000714154505561792,0,3
635,29,0,7.143586080212267e-05,0,19
636,7,1,0.005650984794366772,10,5
637,14,0,0.007141136850699051,0,0
638,4,0,0.0004373915705684253,10,5
639,9,0,0.0007347688539646903,2,3
640,33,0,0.0057950811307276254,0,3
641,36,0,0.005571997142565568,22,1
642,26,1,0.00012042045106643534,3,3
643,10,1,0.0007843657516073069,3,1
644,28,1,0.01149505051535871,0,3
645,0,0,0.0005078069190733749,3,4
646,7,0,0.0002594142259414226,0,0
647,4,0,6.531278701908358e-06,0,4
648,10,1,0.0007398714154505561,3,1
649,13,0,0.00020063271762424737,6,0
650,32,1,2.7553832023675887e-05,10,0
651,14,0,7.184406572099193e-05,10,0
652,36,1,0.0016440453107459945,0,3
653,10,1,0.0013776916011837943,3,1
654,42,0,0.00018369221349117258,0,3
655,10,1,0.0007347688539646903,3,1
656,7,0,0.003812225737320135,0,3
657,1,0,0.00012348198795795489,0,3
658,32,0,0.0005571997142565568,0,3
659,5,0,0.00013960608225329116,1,5
660,0,0,3.633023777936524e-05,10,17
661,7,1,4.5923053372793145e-05,0,0
662,0,0,0.005821206245535259,0,3
663,20,0,0.0003877946729258088,0,0
664,0,1,0.001716705786304725,0,4
665,11,1,0.0033652413511582814,6,0
666,23,0,0.0003877946729258088,0,4
667,6,1,0.00012307378303908563,0,3
668,8,1,0.0001020512297173181,0,4
669,17,0,0.00014287172160424533,0,3
670,31,0,0.0,1,3
671,32,0,0.0010862332891111337,0,3
672,4,1,0.00017716093478926422,8,0
673,20,0,0.008786406776201653,10,5
674,17,0,1.3470762322685988e-05,2,0
675,32,0,0.0009735687315032146,0,3
676,10,0,4.408613123788141e-05,0,7
677,1,0,0.0007198693744259618,0,3
678,31,0,0.00026921114399428513,0,3
679,17,1,0.0002841106235330136,10,0
680,18,0,5.674048372282886e-05,0,3
681,31,0,0.0035717930401061334,10,1
682,17,1,0.0006463924890294928,10,0
683,48,0,0.0016328196754770896,0,4
684,14,0,2.041024594346362e-07,0,3
685,4,0,0.022145116848658025,0,4
686,4,0,3.796305745484233e-05,0,0
687,31,0,0.0005102561485865905,0,3
688,7,1,0.0003594244310643943,0,0
689,7,1,0.005650984794366772,0,7
690,11,1,0.0,10,5
691,17,0,6.817022145116848e-05,10,17
692,5,0,5.510766404735177e-06,0,0
693,49,0,0.00028982549239718337,2,9
694,4,1,0.003604857638534544,0,3
695,12,1,0.0011903255434227982,1,7
696,29,0,0.00014287172160424533,0,4
697,22,0,0.00018001836922134913,10,1
698,17,0,0.0024082049188692725,0,3
699,17,1,0.0001669558118175324,0,3
700,32,1,0.0012042045106643534,3,1
701,33,1,0.0004302479844882131,15,1
702,33,1,0.00024043269721400144,15,1
703,33,1,5.714868864169813e-06,15,1
704,17,0,2.6125114807633433e-05,0,14
705,35,0,0.0005651597101745076,0,31
706,10,0,0.001679150933768752,3,1
707,41,0,0.0,1,3
708,12,0,0.00042861516481273597,23,0
709,0,0,4.020818450862333e-05,10,0
710,15,0,0.00032289009082559443,17,0
711,21,1,2.6329217267068067e-05,0,3
712,4,1,0.0003877946729258088,10,0
713,17,0,0.00010715379120318399,15,17
714,17,0,0.002861312378814165,24,1
715,11,0,0.002457801816511889,0,17
716,7,1,0.0003796305745484233,0,1
717,8,0,0.0009939789774466782,15,18
718,0,0,1.1021532809470353e-05,0,0
719,20,1,0.0006723135013776917,10,0
720,25,0,0.0014093274823961629,1,3
721,1,0,1.816511888968262e-05,0,0
722,35,0,0.00011756301663435044,0,3
723,33,0,0.0005369935707725278,10,5
724,7,0,0.00018695785284212675,0,4
725,0,0,6.49045821002143e-05,2,9
726,12,0,7.286457801816512e-05,10,5
727,12,0,4.082049188692724e-05,0,4
728,5,1,0.002924584141238902,1,0
729,8,0,0.0034289213185018878,25,0
730,8,0,0.0002204306561894071,0,4
731,14,0,0.0006735381161342994,0,7
732,29,0,0.0004082049188692724,0,5
733,7,0,7.551790999081539e-06,1,7
734,0,1,0.004388202877844678,1,7
735,4,1,0.03857311970609246,6,0
736,21,0,5.102561485865905e-05,6,0
737,6,0,0.0001387896724155526,10,9
738,8,1,0.001936524135115828,3,1
739,6,1,7.959995917950811e-06,2,4
740,8,1,0.00029064190223492193,3,1
741,33,0,0.0020104092254311662,0,3
742,7,0,0.0019389733646290438,2,9
743,29,0,0.0018526380242881928,1,3
744,5,0,0.001490560261251148,3,1
745,33,1,0.0009976528217165016,6,5
746,33,0,0.00045371976732319624,3,4
747,40,0,0.00028574344320849067,15,5
748,23,1,0.0005437289519338708,0,3
749,7,0,0.0003947341565465864,0,3
750,4,0,0.00018083477905908766,2,5
751,17,0,0.0010970507194611695,15,17
752,29,0,0.00013613634044290233,0,9
753,10,0,0.00023879987753852434,3,4
754,17,0,7.694662720685784e-05,10,4
755,4,0,0.002530870496989489,0,3
756,8,0,0.00012103275844473925,6,0
757,35,0,9.368302888049801e-05,10,0
758,1,0,0.0001279722420655169,6,9
759,17,0,0.0018626390448004898,15,36
760,17,0,0.0009592815593427901,10,0
761,38,0,0.0013950403102357383,18,5
762,24,0,0.0003316664965812838,1,7
763,0,0,0.00029696907847739565,0,3
764,31,1,3.6534340238799875e-05,0,3
765,33,1,0.03817389529543831,2,0
766,28,1,0.0007766098581487907,0,0
767,4,0,0.001598326359832636,2,0
768,17,0,8.164098377385448e-05,0,3
769,29,0,0.00034758648841718543,2,0
770,8,0,2.2247168078375344e-05,2,9
771,4,1,0.0008121236860904174,10,9
772,11,1,0.000537401775691397,2,0
773,5,1,0.0008609041738952954,1,0
774,27,0,0.0004620879681600163,1,0
775,0,1,0.05643718746810899,6,5
776,4,0,0.00048249821410347994,10,17
777,19,0,0.0004490254107561996,0,4
778,1,1,0.0008286559853046229,10,5
779,0,0,0.0041841004184100415,10,4
780,4,1,6.123073783039085e-05,13,20
781,17,0,4.28615164812736e-05,10,4
782,7,0,0.0004490254107561996,1,7
783,42,0,0.0013254413715685274,10,4
784,35,0,0.00017573221757322176,10,5
785,19,0,6.531278701908358e-06,15,1
786,4,0,0.0002728849882641086,0,3
787,40,1,0.0002879885702622717,0,3
788,0,0,8.980508215123992e-05,10,7
789,6,1,0.00646004694356567,10,1
790,29,0,0.0003153382998265129,0,3
791,33,0,0.00018287580365343402,10,17
792,33,1,0.001019899989794877,2,5
793,1,1,0.00017491580773548322,10,0
794,6,0,0.0010592917644657617,0,3
795,4,0,0.00010878661087866109,2,0
796,0,0,0.0005510766404735177,5,7
797,46,0,0.0019389733646290438,26,15
798,17,0,0.00019818348811103173,2,0
799,11,0,0.8223349321359322,0,4
800,19,0,8.592713542198183e-05,3,4
801,0,0,1.9593836105725074e-05,5,3
802,4,1,0.00642922747219104,2,1
803,31,0,3.1431778752933976e-05,2,9
804,1,0,0.00042861516481273597,0,30
805,19,0,0.0002041024594346362,0,3
806,1,0,0.0019389733646290438,0,20
807,35,0,3.000306153689152e-05,10,17
808,4,0,0.00034330033676905806,0,3
809,11,1,0.00016124094295336258,3,5
810,16,1,0.0009184610674558628,0,1
811,6,0,0.0007690580671497092,1,5
812,25,0,0.0007559955097458924,6,5
813,11,1,0.00031207266047555873,3,1
814,11,1,0.00010164302479844882,3,1
815,7,0,0.0015307684457597714,0,1
816,17,0,8.490662312480866e-05,14,5
817,4,0,0.00010388815185222982,10,17
818,1,1,0.0050946014899479536,10,0
819,17,0,0.0019185631186855801,15,20
820,28,0,0.001985508725380141,3,9
821,29,0,0.00017552811511378712,0,3
822,4,0,1.612409429533626e-05,0,3
823,19,1,0.0006147566078171242,0,3
824,29,0,3.469741810388815e-06,0,1
825,6,0,0.00131278701908358,0,3
826,36,0,0.0004082049188692724,0,3
827,38,0,0.000270435758750893,10,17
828,31,1,0.0009658128380446984,0,9
829,4,0,0.0006231248086539442,0,18
830,5,0,0.00037758954995407697,15,0
831,21,0,0.00010511276660883764,2,0
832,5,0,0.00047147668129400957,0,3
833,8,0,0.0001653229921420553,2,9
834,7,0,0.0002216552709460149,6,0
835,20,1,0.0007817124196346566,10,0
836,1,0,0.0005306663945300541,10,9
837,25,1,0.0013511582814572916,3,1
838,9,0,0.0007035411776711909,3,1
839,33,0,1.3470762322685988e-05,0,3
840,19,0,2.1634860700071436e-05,6,0
841,11,0,0.00011572609449943872,10,9
842,50,0,1.020512297173181e-05,0,3
843,2,0,0.0002155321971629758,10,9
844,17,0,9.388713133993264e-05,10,4
845,28,0,0.0006419022349219308,0,29
846,7,0,2.245127053780998e-05,1,7
847,0,0,9.164200428615165e-05,0,4
848,0,0,0.001020512297173181,0,3
849,7,1,0.0021287886519032553,10,1
850,7,1,0.007449739769364221,10,1
851,1,1,0.00016328196754770896,10,9
852,4,0,0.0006802734972956424,0,3
853,20,0,2.673742218593734e-05,0,3
854,4,0,0.14868864169813245,0,3
855,0,0,0.0010899071333809573,0,4
856,17,1,2.1022553321767528e-05,6,0
857,17,0,0.0020777630370445964,10,3
858,5,0,0.00036738442698234516,10,1
859,25,0,0.0006123073783039086,0,3
860,0,0,0.0011805286253699357,2,0
861,5,0,0.00013613634044290233,1,7
862,19,0,3.081947137463006e-05,15,17
863,36,0,0.0001224614756607817,0,3
864,19,0,0.002245127053780998,8,3
865,8,0,3.8167159914276966e-05,10,0
866,8,0,0.00016634350443922848,10,5
867,16,1,0.00261985916930299,10,0
868,16,0,0.01422369629554036,10,0
869,8,0,0.0013878967241555261,2,5
870,46,0,0.0003061536891519543,8,0
871,32,0,0.0014503520767425247,10,9
872,14,1,0.0001951219512195122,0,5
873,7,0,0.0003630982753342178,1,7
874,17,1,0.000674354525972038,0,3
875,9,1,0.0008851923665680172,0,3
876,31,0,0.00016328196754770896,0,3
877,20,0,0.0018018165118889682,0,7
878,4,0,0.0001100112256352689,1,7
879,4,0,0.009898969282579856,1,7
880,33,0,0.0002041024594346362,0,4
881,21,0,9.184610674558629e-05,0,3
882,5,0,0.00015899581589958158,10,17
883,21,0,0.015447086437391571,3,4
884,11,0,0.00032248188590672515,10,1
885,11,1,0.00021900193897336464,10,9
886,11,0,0.0002839065210735789,5,3
887,31,0,0.0009184610674558628,2,4
888,31,0,0.0008164098377385448,0,3
889,11,0,0.0034391264414736196,2,0
890,0,0,0.008878456985406675,10,5
891,17,0,0.0007959995917950812,10,4
892,31,0,0.0008937646698642718,1,3
893,26,0,7.1435860802122665e-06,0,7
894,4,0,0.011939993876926217,3,1
895,24,0,0.0006851719563220737,2,9
896,36,1,0.001865904684151444,1,7
897,28,1,0.00020389835697520156,10,1
898,19,0,0.0023339116236350647,10,1
899,44,0,0.00028574344320849067,10,37
900,25,1,0.0005984284110623533,0,3
901,6,1,0.0004647413001326666,0,3
902,5,1,0.00023961628737626287,1,0
903,0,0,0.00047474232064496376,2,0
904,4,0,0.00018369221349117258,0,4
905,10,0,6.776201653229922e-05,10,9
906,8,0,0.0002414532095111746,2,0
907,17,0,0.0003784059597918155,10,4
908,18,0,0.0024194305541381774,0,3
909,19,1,0.0002894172874783141,10,9
910,36,0,0.17128502908460047,0,3
911,31,0,0.0013244208592713541,1,4
912,21,0,0.0004082049188692724,10,38
913,5,1,0.0005102561485865905,2,0
914,8,0,0.009848351872640066,10,5
915,4,1,0.0004082049188692724,0,3
916,41,0,0.00020185733238085518,3,1
917,28,1,0.005105214817838555,16,0
918,11,0,0.004492499234615777,2,9
919,29,0,9.24584141238902e-05,14,5
920,4,0,2.2655372997244618e-05,0,3
921,16,1,0.08113072762526788,0,1
922,16,1,0.0015307684457597714,15,1
923,23,1,0.00011939993876926217,2,5
924,29,0,0.00018777426267986528,10,0
925,20,1,0.008355342381875701,1,7
926,0,0,0.0006323094193285029,1,7
927,37,0,0.00028227370139810186,2,3
928,0,0,0.08255944484131034,3,1
929,4,0,0.0008523318705990407,0,7
930,4,0,0.0005155628125318911,0,3
931,31,0,6.959893866721094e-05,0,3
932,29,0,0.000761302173691193,0,1
933,6,0,0.0018577405857740587,0,3
934,22,0,7.306868047759975e-05,0,0
935,9,0,0.0009939789774466782,0,1
936,30,0,0.0002449229513215634,10,7
937,7,0,8.919277477293602e-05,0,14
938,7,0,0.0003412593121747117,1,7
939,11,0,0.0032546178181447087,0,22
940,21,0,0.0005314828043677926,16,0
941,7,0,0.0012195121951219512,8,3
942,17,0,0.0025663843249311155,1,0
943,5,0,1.8981528727421166e-05,10,1
944,29,0,0.00013042147157873253,2,5
945,4,0,0.00036105725073987143,3,9
946,33,0,0.00013103377895703642,0,3
947,1,1,0.001943871823655475,10,1
948,4,1,4.082049188692724e-06,10,1
949,27,1,0.0008747831411368506,10,1
950,36,0,0.00018593734054495357,0,4
951,6,1,0.0002063475864884172,10,1
952,28,0,0.0006037350750076538,0,3
953,29,1,0.001703235023982039,16,5
954,29,0,8.164098377385448e-07,2,17
955,8,0,9.796918052862537e-06,5,3
956,0,0,0.0014287172160424534,0,4
957,40,1,2.041024594346362e-05,2,5
958,4,0,0.0006192468619246862,6,0
959,0,1,0.0005714868864169813,3,1
960,14,0,0.011165833248290642,2,5
961,23,1,0.00013164608633534035,3,1
962,23,1,0.00013858556995611796,3,1
963,38,0,0.000314725992448209,2,39
964,4,1,0.0010001020512297174,0,37
965,4,0,0.0014899479538728441,0,9
966,5,0,0.0009184610674558628,2,5
967,4,0,0.0019106031227676293,0,4
968,9,0,0.00011980814368813144,15,0
969,0,0,0.0009184610674558628,0,5
970,19,0,0.0010031635881212369,2,8
971,14,0,0.00024614756607817126,0,3
972,0,1,0.0003592203286049597,7,7
973,7,1,0.00025431166445555667,10,1
974,26,0,0.0001020512297173181,2,17
975,27,0,0.005579957138483519,27,40
976,27,1,6.041432799265231e-05,27,40
977,27,1,0.0002447188488621288,27,40
978,27,1,4.388202877844678e-05,27,40
979,4,1,0.011307276252678845,0,4
980,26,1,0.00011817532401265435,0,3
981,44,0,8.776405755689356e-06,0,0
982,17,0,1.7552811511378712e-05,1,7
983,28,0,0.0010274517807939585,9,7
984,5,0,3.2044086131237884e-05,10,9
985,26,0,0.0005086233289111133,2,9
986,21,0,0.0015919991835901624,2,9
987,4,0,0.0010203081947137464,0,7
988,12,0,2.9186651699152974e-05,10,9
989,0,1,0.0001020512297173181,10,5
990,17,1,1.6328196754770896e-05,10,0
991,11,0,0.00015430145933258496,3,9
992,0,1,0.0004967853862639045,0,40
993,4,0,0.0009547913052352281,3,1
994,16,0,0.0010807225227063987,0,5
995,16,0,0.003526074089192775,0,5
996,9,0,0.0004275946525155628,0,7
997,4,1,0.06902745178079396,0,37
998,11,0,6.857842637003775e-05,2,0
999,30,0,9.776507806919073e-05,1,0
1000,22,1,5.510766404735177e-06,1,0
1001,28,1,0.015210939891825696,0,0
1002,1,0,0.00041759363200326565,10,5
1003,6,0,0.0001314419838759057,10,0
1004,4,0,5.9802020614348405e-05,1,7
1005,16,1,0.00938320236758853,0,7
1006,41,0,0.0006633329931625676,0,5
1007,32,1,0.002095315848555975,11,1
1008,4,1,0.000412899275436269,15,0
1009,29,0,2.3879987753852434e-05,1,0
1010,38,1,0.00018369221349117258,2,5
1011,34,0,0.0013062557403816716,0,7
1012,32,0,0.009444024900500052,0,3
1013,5,0,4.755587304827023e-05,0,3
1014,19,0,0.002405551586896622,3,9
1015,17,0,0.0003806510868455965,15,3
1016,10,0,0.0017001734870905195,0,5
1017,32,1,0.00034697418103888153,10,0
1018,7,0,0.0008837636493519747,10,9
1019,12,1,0.0018981528727421166,3,1
1020,0,0,0.00015368915195428104,3,9
1021,0,0,0.0003690172466578222,3,9
1022,0,0,0.0003022757424226962,3,9
1023,0,0,0.00045759771405245433,3,9
1024,33,1,0.00017573221757322176,3,1
1025,38,0,7.38850903153383e-05,10,0
1026,23,0,2.6329217267068067e-05,0,0
1027,5,0,0.0002745178079395857,1,0
1028,29,1,0.0010605163792223697,2,0
1029,10,0,0.0003851413409531585,10,29
1030,26,1,0.00010368404939279518,2,9
1031,36,0,0.00047515052556383304,15,0
1032,4,1,0.000866210837840596,2,0
1033,0,0,0.0001020512297173181,0,3
1034,36,1,0.0002549239718338606,2,1
1035,16,0,0.0022514542300234716,10,0
1036,35,0,0.0035542402285947544,10,5
1037,9,1,4.082049188692724e-07,11,9
1038,43,0,0.00014450454127972243,0,4
1039,26,0,0.0005025002551280743,0,7
1040,7,0,0.005237677314011634,10,4
1041,29,0,1.9185631186855803e-05,10,34
1042,16,0,0.011501785896520053,10,0
1043,22,1,0.0006763955505663844,0,3
1044,30,0,0.0018654964792325748,10,9
1045,5,0,0.000426370037758955,27,0
1046,4,0,0.0010909276456781303,0,4
1047,5,0,0.00026553729972446166,2,12
1048,11,0,8.164098377385448e-06,0,14
1049,31,0,0.00013776916011837943,2,9
1050,16,1,0.005697111950199,0,5
1051,17,1,0.00027166037350750076,3,5
1052,4,0,0.006776609858148791,5,7
1053,9,0,0.00036513929992856414,10,9
1054,4,0,0.0010145933258495765,0,4
